
         /\      Grafana   /‾‾/  
    /\  /  \     |\  __   /  /   
   /  \/    \    | |/ /  /   ‾‾\ 
  /          \   |   (  |  (‾)  |
 / __________ \  |_|\_\  \_____/ 


     execution: local
        script: /home/ridwanmuh3/Development/project/kuliah/pi/k6/throughput.js
        output: json (/home/ridwanmuh3/Development/project/kuliah/pi/k6/results/throughput_raw.json)

     scenarios: (100.00%) 3 scenarios, 30 max VUs, 1h0m30s max duration (incl. graceful stop):
              * ecdsa_throughput: 101 iterations for each of 10 VUs (maxDuration: 30m0s, exec: ecdsaTest, gracefulStop: 30s)
              * mldsa_throughput: 101 iterations for each of 10 VUs (maxDuration: 30m0s, exec: mldsaTest, startTime: 15m0s, gracefulStop: 30s)
              * hybrid_throughput: 101 iterations for each of 10 VUs (maxDuration: 30m0s, exec: hybridTest, startTime: 30m0s, gracefulStop: 30s)

time="2026-03-16T11:52:38+07:00" level=info msg="=== SETUP: Generating keys for 10 VUs ===" source=console
time="2026-03-16T11:52:38+07:00" level=info msg="  VU 0: keys generated (ECDSA sender: 0xf39Fd6e51aad88F6F4ce6aB8827279cffFb92266)" source=console
time="2026-03-16T11:52:38+07:00" level=info msg="  VU 1: keys generated (ECDSA sender: 0x70997970C51812dc3A010C7d01b50e0d17dc79C8)" source=console
time="2026-03-16T11:52:38+07:00" level=info msg="  VU 2: keys generated (ECDSA sender: 0x3C44CdDdB6a900fa2b585dd299e03d12FA4293BC)" source=console
time="2026-03-16T11:52:38+07:00" level=info msg="  VU 3: keys generated (ECDSA sender: 0x90F79bf6EB2c4f870365E785982E1f101E93b906)" source=console
time="2026-03-16T11:52:38+07:00" level=info msg="  VU 4: keys generated (ECDSA sender: 0x15d34AAf54267DB7D7c367839AAf71A00a2C6A65)" source=console
time="2026-03-16T11:52:38+07:00" level=info msg="  VU 5: keys generated (ECDSA sender: 0x9965507D1a55bcC2695C58ba16FB37d819B0A4dc)" source=console
time="2026-03-16T11:52:38+07:00" level=info msg="  VU 6: keys generated (ECDSA sender: 0x976EA74026E726554dB657fA54763abd0C3a0aa9)" source=console
time="2026-03-16T11:52:38+07:00" level=info msg="  VU 7: keys generated (ECDSA sender: 0x14dC79964da2C08dba798bBb5f3716ad0Ce5e7D7)" source=console
time="2026-03-16T11:52:38+07:00" level=info msg="  VU 8: keys generated (ECDSA sender: 0x23618e81E3f5cdF7f54C3d65f7FBc0aBf5B21E8f)" source=console
time="2026-03-16T11:52:38+07:00" level=info msg="  VU 9: keys generated (ECDSA sender: 0xa0Ee7A142d267C1f36714E4a8F75612F20a79720)" source=console
time="2026-03-16T11:52:38+07:00" level=info msg="=== SETUP COMPLETE ===" source=console
time="2026-03-16T11:52:38+07:00" level=error msg="ECDSA TPS [VU7 iter0]: 500 - Blockchain execution failed: Internal error" source=console
time="2026-03-16T11:52:38+07:00" level=error msg="ECDSA TPS [VU0 iter0]: 500 - Blockchain execution failed: Nonce too low. Expected nonce to be 305 but got 304. Note that transactions can't be queued when automining." source=console
time="2026-03-16T11:52:38+07:00" level=error msg="ECDSA TPS [VU4 iter0]: 500 - Blockchain execution failed: Nonce too low. Expected nonce to be 305 but got 304. Note that transactions can't be queued when automining." source=console
time="2026-03-16T11:52:38+07:00" level=error msg="ECDSA TPS [VU5 iter0]: 500 - Blockchain execution failed: Nonce too low. Expected nonce to be 305 but got 304. Note that transactions can't be queued when automining." source=console
time="2026-03-16T11:52:38+07:00" level=error msg="ECDSA TPS [VU3 iter0]: 500 - Blockchain execution failed: Nonce too low. Expected nonce to be 305 but got 304. Note that transactions can't be queued when automining." source=console
time="2026-03-16T11:52:38+07:00" level=error msg="ECDSA TPS [VU0 iter0]: 500 - Blockchain execution failed: Nonce too low. Expected nonce to be 305 but got 304. Note that transactions can't be queued when automining." source=console
time="2026-03-16T11:52:38+07:00" level=error msg="ECDSA TPS [VU6 iter0]: 500 - Blockchain execution failed: Nonce too low. Expected nonce to be 305 but got 304. Note that transactions can't be queued when automining." source=console
time="2026-03-16T11:52:38+07:00" level=error msg="ECDSA TPS [VU8 iter0]: 500 - Blockchain execution failed: Nonce too low. Expected nonce to be 305 but got 304. Note that transactions can't be queued when automining." source=console
time="2026-03-16T11:52:38+07:00" level=error msg="ECDSA TPS [VU1 iter0]: 500 - Blockchain execution failed: Nonce too low. Expected nonce to be 305 but got 304. Note that transactions can't be queued when automining." source=console
time="2026-03-16T11:52:38+07:00" level=error msg="ECDSA TPS [VU7 iter1]: 500 - Blockchain execution failed: Internal error" source=console
time="2026-03-16T11:52:38+07:00" level=error msg="ECDSA TPS [VU3 iter1]: 500 - Blockchain execution failed: Nonce too low. Expected nonce to be 306 but got 305. Note that transactions can't be queued when automining." source=console
time="2026-03-16T11:52:38+07:00" level=error msg="ECDSA TPS [VU5 iter1]: 500 - Blockchain execution failed: Nonce too low. Expected nonce to be 306 but got 305. Note that transactions can't be queued when automining." source=console
time="2026-03-16T11:52:38+07:00" level=error msg="ECDSA TPS [VU0 iter1]: 500 - Blockchain execution failed: Nonce too low. Expected nonce to be 306 but got 305. Note that transactions can't be queued when automining." source=console
time="2026-03-16T11:52:38+07:00" level=error msg="ECDSA TPS [VU6 iter1]: 500 - Blockchain execution failed: Nonce too low. Expected nonce to be 306 but got 305. Note that transactions can't be queued when automining." source=console
time="2026-03-16T11:52:38+07:00" level=error msg="ECDSA TPS [VU2 iter1]: 500 - Blockchain execution failed: Nonce too low. Expected nonce to be 306 but got 305. Note that transactions can't be queued when automining." source=console
time="2026-03-16T11:52:38+07:00" level=error msg="ECDSA TPS [VU0 iter1]: 500 - Blockchain execution failed: Nonce too low. Expected nonce to be 306 but got 305. Note that transactions can't be queued when automining." source=console
time="2026-03-16T11:52:38+07:00" level=error msg="ECDSA TPS [VU8 iter1]: 500 - Blockchain execution failed: Nonce too low. Expected nonce to be 306 but got 305. Note that transactions can't be queued when automining." source=console
time="2026-03-16T11:52:38+07:00" level=error msg="ECDSA TPS [VU1 iter1]: 500 - Blockchain execution failed: Nonce too low. Expected nonce to be 306 but got 305. Note that transactions can't be queued when automining." source=console
time="2026-03-16T11:52:38+07:00" level=error msg="ECDSA TPS [VU7 iter2]: 500 - Blockchain execution failed: Internal error" source=console
time="2026-03-16T11:52:38+07:00" level=error msg="ECDSA TPS [VU7 iter3]: 500 - Blockchain execution failed: Internal error" source=console
time="2026-03-16T11:52:38+07:00" level=error msg="ECDSA TPS [VU5 iter2]: 500 - Blockchain execution failed: Nonce too low. Expected nonce to be 307 but got 306. Note that transactions can't be queued when automining." source=console
time="2026-03-16T11:52:38+07:00" level=error msg="ECDSA TPS [VU0 iter2]: 500 - Blockchain execution failed: Nonce too low. Expected nonce to be 307 but got 306. Note that transactions can't be queued when automining." source=console
time="2026-03-16T11:52:38+07:00" level=error msg="ECDSA TPS [VU2 iter2]: 500 - Blockchain execution failed: Nonce too low. Expected nonce to be 307 but got 306. Note that transactions can't be queued when automining." source=console
time="2026-03-16T11:52:38+07:00" level=error msg="ECDSA TPS [VU6 iter2]: 500 - Blockchain execution failed: Nonce too low. Expected nonce to be 307 but got 306. Note that transactions can't be queued when automining." source=console
time="2026-03-16T11:52:38+07:00" level=error msg="ECDSA TPS [VU8 iter2]: 500 - Blockchain execution failed: Nonce too low. Expected nonce to be 307 but got 306. Note that transactions can't be queued when automining." source=console
time="2026-03-16T11:52:39+07:00" level=error msg="ECDSA TPS [VU4 iter2]: 500 - Blockchain execution failed: Nonce too low. Expected nonce to be 307 but got 306. Note that transactions can't be queued when automining." source=console
time="2026-03-16T11:52:39+07:00" level=error msg="ECDSA TPS [VU0 iter2]: 500 - Blockchain execution failed: Nonce too low. Expected nonce to be 307 but got 306. Note that transactions can't be queued when automining." source=console
time="2026-03-16T11:52:39+07:00" level=error msg="ECDSA TPS [VU1 iter2]: 500 - Blockchain execution failed: Nonce too low. Expected nonce to be 307 but got 306. Note that transactions can't be queued when automining." source=console
time="2026-03-16T11:52:39+07:00" level=error msg="ECDSA TPS [VU7 iter4]: 500 - Blockchain execution failed: Internal error" source=console
time="2026-03-16T11:52:39+07:00" level=error msg="ECDSA TPS [VU0 iter3]: 500 - Blockchain execution failed: Nonce too low. Expected nonce to be 308 but got 307. Note that transactions can't be queued when automining." source=console
time="2026-03-16T11:52:39+07:00" level=error msg="ECDSA TPS [VU2 iter3]: 500 - Blockchain execution failed: Nonce too low. Expected nonce to be 308 but got 307. Note that transactions can't be queued when automining." source=console
time="2026-03-16T11:52:39+07:00" level=error msg="ECDSA TPS [VU6 iter3]: 500 - Blockchain execution failed: Nonce too low. Expected nonce to be 308 but got 307. Note that transactions can't be queued when automining." source=console
time="2026-03-16T11:52:39+07:00" level=error msg="ECDSA TPS [VU8 iter3]: 500 - Blockchain execution failed: Nonce too low. Expected nonce to be 308 but got 307. Note that transactions can't be queued when automining." source=console

running (0h00m01.0s), 10/30 VUs, 36 complete and 0 interrupted iterations
ecdsa_throughput    [   4% ] 10 VUs   00m00.9s/30m0s  0036/1010 iters, 101 per VU
mldsa_throughput  • [   0% ] waiting  14m59.1s       
hybrid_throughput • [   0% ] waiting  29m59.1s       
time="2026-03-16T11:52:39+07:00" level=error msg="ECDSA TPS [VU0 iter3]: 500 - Blockchain execution failed: Nonce too low. Expected nonce to be 308 but got 307. Note that transactions can't be queued when automining." source=console
time="2026-03-16T11:52:39+07:00" level=error msg="ECDSA TPS [VU1 iter3]: 500 - Blockchain execution failed: Nonce too low. Expected nonce to be 308 but got 307. Note that transactions can't be queued when automining." source=console
time="2026-03-16T11:52:39+07:00" level=error msg="ECDSA TPS [VU4 iter3]: 500 - Blockchain execution failed: Nonce too low. Expected nonce to be 308 but got 307. Note that transactions can't be queued when automining." source=console
time="2026-03-16T11:52:39+07:00" level=error msg="ECDSA TPS [VU3 iter3]: 500 - Blockchain execution failed: Nonce too low. Expected nonce to be 308 but got 307. Note that transactions can't be queued when automining." source=console
time="2026-03-16T11:52:39+07:00" level=error msg="ECDSA TPS [VU7 iter5]: 500 - Blockchain execution failed: Internal error" source=console
time="2026-03-16T11:52:39+07:00" level=error msg="ECDSA TPS [VU7 iter6]: 500 - Blockchain execution failed: Internal error" source=console
time="2026-03-16T11:52:39+07:00" level=error msg="ECDSA TPS [VU6 iter4]: 500 - Blockchain execution failed: Nonce too low. Expected nonce to be 309 but got 308. Note that transactions can't be queued when automining." source=console
time="2026-03-16T11:52:39+07:00" level=error msg="ECDSA TPS [VU2 iter4]: 500 - Blockchain execution failed: Nonce too low. Expected nonce to be 309 but got 308. Note that transactions can't be queued when automining." source=console
time="2026-03-16T11:52:39+07:00" level=error msg="ECDSA TPS [VU8 iter4]: 500 - Blockchain execution failed: Nonce too low. Expected nonce to be 309 but got 308. Note that transactions can't be queued when automining." source=console
time="2026-03-16T11:52:39+07:00" level=error msg="ECDSA TPS [VU0 iter4]: 500 - Blockchain execution failed: Nonce too low. Expected nonce to be 309 but got 308. Note that transactions can't be queued when automining." source=console
time="2026-03-16T11:52:39+07:00" level=error msg="ECDSA TPS [VU3 iter4]: 500 - Blockchain execution failed: Nonce too low. Expected nonce to be 309 but got 308. Note that transactions can't be queued when automining." source=console
time="2026-03-16T11:52:39+07:00" level=error msg="ECDSA TPS [VU5 iter4]: 500 - Blockchain execution failed: Nonce too low. Expected nonce to be 309 but got 308. Note that transactions can't be queued when automining." source=console
time="2026-03-16T11:52:39+07:00" level=error msg="ECDSA TPS [VU1 iter4]: 500 - Blockchain execution failed: Nonce too low. Expected nonce to be 309 but got 308. Note that transactions can't be queued when automining." source=console
time="2026-03-16T11:52:39+07:00" level=error msg="ECDSA TPS [VU4 iter4]: 500 - Blockchain execution failed: Nonce too low. Expected nonce to be 309 but got 308. Note that transactions can't be queued when automining." source=console
time="2026-03-16T11:52:39+07:00" level=error msg="ECDSA TPS [VU7 iter7]: 500 - Blockchain execution failed: Internal error" source=console
time="2026-03-16T11:52:39+07:00" level=error msg="ECDSA TPS [VU6 iter5]: 500 - Blockchain execution failed: Nonce too low. Expected nonce to be 310 but got 309. Note that transactions can't be queued when automining." source=console
time="2026-03-16T11:52:39+07:00" level=error msg="ECDSA TPS [VU8 iter5]: 500 - Blockchain execution failed: Nonce too low. Expected nonce to be 310 but got 309. Note that transactions can't be queued when automining." source=console
time="2026-03-16T11:52:39+07:00" level=error msg="ECDSA TPS [VU3 iter5]: 500 - Blockchain execution failed: Nonce too low. Expected nonce to be 310 but got 309. Note that transactions can't be queued when automining." source=console
time="2026-03-16T11:52:39+07:00" level=error msg="ECDSA TPS [VU0 iter5]: 500 - Blockchain execution failed: Nonce too low. Expected nonce to be 310 but got 309. Note that transactions can't be queued when automining." source=console
time="2026-03-16T11:52:39+07:00" level=error msg="ECDSA TPS [VU5 iter5]: 500 - Blockchain execution failed: Nonce too low. Expected nonce to be 310 but got 309. Note that transactions can't be queued when automining." source=console
time="2026-03-16T11:52:39+07:00" level=error msg="ECDSA TPS [VU4 iter5]: 500 - Blockchain execution failed: Nonce too low. Expected nonce to be 311 but got 310. Note that transactions can't be queued when automining." source=console
time="2026-03-16T11:52:39+07:00" level=error msg="ECDSA TPS [VU0 iter5]: 500 - Blockchain execution failed: Nonce too low. Expected nonce to be 311 but got 310. Note that transactions can't be queued when automining." source=console
time="2026-03-16T11:52:39+07:00" level=error msg="ECDSA TPS [VU7 iter8]: 500 - Blockchain execution failed: Internal error" source=console
time="2026-03-16T11:52:39+07:00" level=error msg="ECDSA TPS [VU8 iter6]: 500 - Blockchain execution failed: Nonce too low. Expected nonce to be 312 but got 311. Note that transactions can't be queued when automining." source=console
time="2026-03-16T11:52:39+07:00" level=error msg="ECDSA TPS [VU3 iter6]: 500 - Blockchain execution failed: Nonce too low. Expected nonce to be 312 but got 311. Note that transactions can't be queued when automining." source=console
time="2026-03-16T11:52:39+07:00" level=error msg="ECDSA TPS [VU0 iter6]: 500 - Blockchain execution failed: Nonce too low. Expected nonce to be 312 but got 311. Note that transactions can't be queued when automining." source=console
time="2026-03-16T11:52:39+07:00" level=error msg="ECDSA TPS [VU5 iter6]: 500 - Blockchain execution failed: Nonce too low. Expected nonce to be 312 but got 311. Note that transactions can't be queued when automining." source=console
time="2026-03-16T11:52:39+07:00" level=error msg="ECDSA TPS [VU2 iter6]: 500 - Blockchain execution failed: Nonce too low. Expected nonce to be 312 but got 311. Note that transactions can't be queued when automining." source=console
time="2026-03-16T11:52:39+07:00" level=error msg="ECDSA TPS [VU4 iter6]: 500 - Blockchain execution failed: Nonce too low. Expected nonce to be 313 but got 312. Note that transactions can't be queued when automining." source=console
time="2026-03-16T11:52:39+07:00" level=error msg="ECDSA TPS [VU7 iter9]: 500 - Blockchain execution failed: Internal error" source=console
time="2026-03-16T11:52:39+07:00" level=error msg="ECDSA TPS [VU1 iter6]: 500 - Blockchain execution failed: Nonce too low. Expected nonce to be 313 but got 312. Note that transactions can't be queued when automining." source=console
time="2026-03-16T11:52:40+07:00" level=error msg="ECDSA TPS [VU7 iter10]: 500 - Blockchain execution failed: Internal error" source=console
time="2026-03-16T11:52:40+07:00" level=error msg="ECDSA TPS [VU3 iter7]: 500 - Blockchain execution failed: Nonce too low. Expected nonce to be 314 but got 313. Note that transactions can't be queued when automining." source=console
time="2026-03-16T11:52:40+07:00" level=error msg="ECDSA TPS [VU0 iter7]: 500 - Blockchain execution failed: Nonce too low. Expected nonce to be 314 but got 313. Note that transactions can't be queued when automining." source=console
time="2026-03-16T11:52:40+07:00" level=error msg="ECDSA TPS [VU5 iter7]: 500 - Blockchain execution failed: Nonce too low. Expected nonce to be 314 but got 313. Note that transactions can't be queued when automining." source=console
time="2026-03-16T11:52:40+07:00" level=error msg="ECDSA TPS [VU2 iter7]: 500 - Blockchain execution failed: Nonce too low. Expected nonce to be 314 but got 313. Note that transactions can't be queued when automining." source=console
time="2026-03-16T11:52:40+07:00" level=error msg="ECDSA TPS [VU4 iter7]: 500 - Blockchain execution failed: Nonce too low. Expected nonce to be 315 but got 314. Note that transactions can't be queued when automining." source=console
time="2026-03-16T11:52:40+07:00" level=error msg="ECDSA TPS [VU1 iter7]: 500 - Blockchain execution failed: Nonce too low. Expected nonce to be 315 but got 314. Note that transactions can't be queued when automining." source=console
time="2026-03-16T11:52:40+07:00" level=error msg="ECDSA TPS [VU7 iter11]: 500 - Blockchain execution failed: Internal error" source=console

running (0h00m02.0s), 10/30 VUs, 84 complete and 0 interrupted iterations
ecdsa_throughput    [   8% ] 10 VUs   00m01.9s/30m0s  0084/1010 iters, 101 per VU
mldsa_throughput  • [   0% ] waiting  14m58.1s       
hybrid_throughput • [   0% ] waiting  29m58.1s       
time="2026-03-16T11:52:40+07:00" level=error msg="ECDSA TPS [VU0 iter8]: 500 - Blockchain execution failed: Internal error" source=console
time="2026-03-16T11:52:40+07:00" level=error msg="ECDSA TPS [VU2 iter8]: 500 - Blockchain execution failed: Nonce too low. Expected nonce to be 317 but got 316. Note that transactions can't be queued when automining." source=console
time="2026-03-16T11:52:40+07:00" level=error msg="ECDSA TPS [VU5 iter8]: 500 - Blockchain execution failed: Nonce too low. Expected nonce to be 317 but got 316. Note that transactions can't be queued when automining." source=console
time="2026-03-16T11:52:40+07:00" level=error msg="ECDSA TPS [VU4 iter8]: 500 - Blockchain execution failed: Nonce too low. Expected nonce to be 318 but got 317. Note that transactions can't be queued when automining." source=console
time="2026-03-16T11:52:40+07:00" level=error msg="ECDSA TPS [VU1 iter8]: 500 - Blockchain execution failed: Nonce too low. Expected nonce to be 318 but got 317. Note that transactions can't be queued when automining." source=console
time="2026-03-16T11:52:40+07:00" level=error msg="ECDSA TPS [VU6 iter8]: 500 - Blockchain execution failed: Nonce too low. Expected nonce to be 318 but got 317. Note that transactions can't be queued when automining." source=console
time="2026-03-16T11:52:40+07:00" level=error msg="ECDSA TPS [VU7 iter12]: 500 - Blockchain execution failed: Internal error" source=console
time="2026-03-16T11:52:40+07:00" level=error msg="ECDSA TPS [VU0 iter9]: 500 - Blockchain execution failed: Internal error" source=console
time="2026-03-16T11:52:40+07:00" level=error msg="ECDSA TPS [VU7 iter13]: 500 - Blockchain execution failed: Internal error" source=console
time="2026-03-16T11:52:40+07:00" level=error msg="ECDSA TPS [VU3 iter9]: 500 - Blockchain execution failed: Nonce too low. Expected nonce to be 320 but got 319. Note that transactions can't be queued when automining." source=console
time="2026-03-16T11:52:40+07:00" level=error msg="ECDSA TPS [VU2 iter9]: 500 - Blockchain execution failed: Nonce too low. Expected nonce to be 320 but got 319. Note that transactions can't be queued when automining." source=console
time="2026-03-16T11:52:40+07:00" level=error msg="ECDSA TPS [VU4 iter9]: 500 - Blockchain execution failed: Nonce too low. Expected nonce to be 320 but got 319. Note that transactions can't be queued when automining." source=console
time="2026-03-16T11:52:40+07:00" level=error msg="ECDSA TPS [VU6 iter9]: 500 - Blockchain execution failed: Nonce too low. Expected nonce to be 321 but got 320. Note that transactions can't be queued when automining." source=console
time="2026-03-16T11:52:40+07:00" level=error msg="ECDSA TPS [VU8 iter9]: 500 - Blockchain execution failed: Nonce too low. Expected nonce to be 321 but got 320. Note that transactions can't be queued when automining." source=console
time="2026-03-16T11:52:40+07:00" level=error msg="ECDSA TPS [VU0 iter9]: 500 - Blockchain execution failed: Nonce too low. Expected nonce to be 322 but got 321. Note that transactions can't be queued when automining." source=console
time="2026-03-16T11:52:40+07:00" level=error msg="ECDSA TPS [VU7 iter14]: 500 - Blockchain execution failed: Internal error" source=console
time="2026-03-16T11:52:40+07:00" level=error msg="ECDSA TPS [VU4 iter10]: 500 - Blockchain execution failed: Nonce too low. Expected nonce to be 323 but got 322. Note that transactions can't be queued when automining." source=console
time="2026-03-16T11:52:40+07:00" level=error msg="ECDSA TPS [VU5 iter10]: 500 - Blockchain execution failed: Nonce too low. Expected nonce to be 323 but got 322. Note that transactions can't be queued when automining." source=console
time="2026-03-16T11:52:40+07:00" level=error msg="ECDSA TPS [VU2 iter10]: 500 - Blockchain execution failed: Nonce too low. Expected nonce to be 323 but got 322. Note that transactions can't be queued when automining." source=console
time="2026-03-16T11:52:40+07:00" level=error msg="ECDSA TPS [VU6 iter10]: 500 - Blockchain execution failed: Nonce too low. Expected nonce to be 323 but got 322. Note that transactions can't be queued when automining." source=console
time="2026-03-16T11:52:40+07:00" level=error msg="ECDSA TPS [VU8 iter10]: 500 - Blockchain execution failed: Nonce too low. Expected nonce to be 323 but got 322. Note that transactions can't be queued when automining." source=console
time="2026-03-16T11:52:40+07:00" level=error msg="ECDSA TPS [VU7 iter15]: 500 - Blockchain execution failed: Internal error" source=console
time="2026-03-16T11:52:40+07:00" level=error msg="ECDSA TPS [VU0 iter10]: 500 - Blockchain execution failed: Nonce too low. Expected nonce to be 325 but got 324. Note that transactions can't be queued when automining." source=console
time="2026-03-16T11:52:41+07:00" level=error msg="ECDSA TPS [VU2 iter11]: 500 - Blockchain execution failed: Nonce too low. Expected nonce to be 326 but got 325. Note that transactions can't be queued when automining." source=console
time="2026-03-16T11:52:41+07:00" level=error msg="ECDSA TPS [VU5 iter11]: 500 - Blockchain execution failed: Nonce too low. Expected nonce to be 326 but got 325. Note that transactions can't be queued when automining." source=console
time="2026-03-16T11:52:41+07:00" level=error msg="ECDSA TPS [VU6 iter11]: 500 - Blockchain execution failed: Nonce too low. Expected nonce to be 326 but got 325. Note that transactions can't be queued when automining." source=console
time="2026-03-16T11:52:41+07:00" level=error msg="ECDSA TPS [VU3 iter11]: 500 - Blockchain execution failed: Nonce too low. Expected nonce to be 326 but got 325. Note that transactions can't be queued when automining." source=console
time="2026-03-16T11:52:41+07:00" level=error msg="ECDSA TPS [VU7 iter16]: 500 - Blockchain execution failed: Internal error" source=console
time="2026-03-16T11:52:41+07:00" level=error msg="ECDSA TPS [VU0 iter11]: 500 - Blockchain execution failed: Nonce too low. Expected nonce to be 328 but got 327. Note that transactions can't be queued when automining." source=console

running (0h00m03.0s), 10/30 VUs, 126 complete and 0 interrupted iterations
ecdsa_throughput    [  12% ] 10 VUs   00m02.9s/30m0s  0126/1010 iters, 101 per VU
mldsa_throughput  • [   0% ] waiting  14m57.1s       
hybrid_throughput • [   0% ] waiting  29m57.1s       
time="2026-03-16T11:52:41+07:00" level=error msg="ECDSA TPS [VU7 iter17]: 500 - Blockchain execution failed: Internal error" source=console
time="2026-03-16T11:52:41+07:00" level=error msg="ECDSA TPS [VU2 iter12]: 500 - Blockchain execution failed: Nonce too low. Expected nonce to be 330 but got 329. Note that transactions can't be queued when automining." source=console
time="2026-03-16T11:52:41+07:00" level=error msg="ECDSA TPS [VU6 iter12]: 500 - Blockchain execution failed: Nonce too low. Expected nonce to be 330 but got 329. Note that transactions can't be queued when automining." source=console
time="2026-03-16T11:52:41+07:00" level=error msg="ECDSA TPS [VU3 iter12]: 500 - Blockchain execution failed: Nonce too low. Expected nonce to be 330 but got 329. Note that transactions can't be queued when automining." source=console
time="2026-03-16T11:52:41+07:00" level=error msg="ECDSA TPS [VU4 iter12]: 500 - Blockchain execution failed: Nonce too low. Expected nonce to be 330 but got 329. Note that transactions can't be queued when automining." source=console
time="2026-03-16T11:52:41+07:00" level=error msg="ECDSA TPS [VU1 iter12]: 500 - Blockchain execution failed: Nonce too low. Expected nonce to be 332 but got 331. Note that transactions can't be queued when automining." source=console
time="2026-03-16T11:52:41+07:00" level=error msg="ECDSA TPS [VU7 iter18]: 500 - Blockchain execution failed: Internal error" source=console
time="2026-03-16T11:52:41+07:00" level=error msg="ECDSA TPS [VU0 iter13]: 500 - Blockchain execution failed: Internal error" source=console
time="2026-03-16T11:52:41+07:00" level=error msg="ECDSA TPS [VU6 iter13]: 500 - Blockchain execution failed: Nonce too low. Expected nonce to be 334 but got 333. Note that transactions can't be queued when automining." source=console
time="2026-03-16T11:52:41+07:00" level=error msg="ECDSA TPS [VU3 iter13]: 500 - Blockchain execution failed: Nonce too low. Expected nonce to be 334 but got 333. Note that transactions can't be queued when automining." source=console
time="2026-03-16T11:52:41+07:00" level=error msg="ECDSA TPS [VU5 iter13]: 500 - Blockchain execution failed: Nonce too low. Expected nonce to be 335 but got 334. Note that transactions can't be queued when automining." source=console
time="2026-03-16T11:52:41+07:00" level=error msg="ECDSA TPS [VU7 iter19]: 500 - Blockchain execution failed: Internal error" source=console
time="2026-03-16T11:52:41+07:00" level=error msg="ECDSA TPS [VU1 iter13]: 500 - Blockchain execution failed: Nonce too low. Expected nonce to be 336 but got 335. Note that transactions can't be queued when automining." source=console
time="2026-03-16T11:52:41+07:00" level=error msg="ECDSA TPS [VU0 iter14]: 500 - Blockchain execution failed: Nonce too low. Expected nonce to be 337 but got 336. Note that transactions can't be queued when automining." source=console
time="2026-03-16T11:52:41+07:00" level=error msg="ECDSA TPS [VU7 iter20]: 500 - Blockchain execution failed: Internal error" source=console
time="2026-03-16T11:52:41+07:00" level=error msg="ECDSA TPS [VU2 iter14]: 500 - Blockchain execution failed: Nonce too low. Expected nonce to be 338 but got 337. Note that transactions can't be queued when automining." source=console
time="2026-03-16T11:52:41+07:00" level=error msg="ECDSA TPS [VU3 iter14]: 500 - Blockchain execution failed: Nonce too low. Expected nonce to be 338 but got 337. Note that transactions can't be queued when automining." source=console
time="2026-03-16T11:52:41+07:00" level=error msg="ECDSA TPS [VU4 iter14]: 500 - Blockchain execution failed: Nonce too low. Expected nonce to be 339 but got 338. Note that transactions can't be queued when automining." source=console
time="2026-03-16T11:52:41+07:00" level=error msg="ECDSA TPS [VU0 iter15]: 500 - Blockchain execution failed: Nonce too low. Expected nonce to be 341 but got 340. Note that transactions can't be queued when automining." source=console
time="2026-03-16T11:52:41+07:00" level=error msg="ECDSA TPS [VU7 iter21]: 500 - Blockchain execution failed: Internal error" source=console
time="2026-03-16T11:52:41+07:00" level=error msg="ECDSA TPS [VU6 iter15]: 500 - Blockchain execution failed: Nonce too low. Expected nonce to be 343 but got 342. Note that transactions can't be queued when automining." source=console
time="2026-03-16T11:52:41+07:00" level=error msg="ECDSA TPS [VU3 iter15]: 500 - Blockchain execution failed: Nonce too low. Expected nonce to be 343 but got 342. Note that transactions can't be queued when automining." source=console
time="2026-03-16T11:52:41+07:00" level=error msg="ECDSA TPS [VU5 iter15]: 500 - Blockchain execution failed: Nonce too low. Expected nonce to be 344 but got 343. Note that transactions can't be queued when automining." source=console
time="2026-03-16T11:52:41+07:00" level=error msg="ECDSA TPS [VU7 iter22]: 500 - Blockchain execution failed: Internal error" source=console
time="2026-03-16T11:52:41+07:00" level=error msg="ECDSA TPS [VU8 iter15]: 500 - Blockchain execution failed: Nonce too low. Expected nonce to be 345 but got 344. Note that transactions can't be queued when automining." source=console
time="2026-03-16T11:52:41+07:00" level=error msg="ECDSA TPS [VU0 iter16]: 500 - Blockchain execution failed: Nonce too low. Expected nonce to be 345 but got 344. Note that transactions can't be queued when automining." source=console
time="2026-03-16T11:52:42+07:00" level=error msg="ECDSA TPS [VU6 iter16]: 500 - Blockchain execution failed: Nonce too low. Expected nonce to be 347 but got 346. Note that transactions can't be queued when automining." source=console
time="2026-03-16T11:52:42+07:00" level=error msg="ECDSA TPS [VU2 iter16]: 500 - Blockchain execution failed: Nonce too low. Expected nonce to be 347 but got 346. Note that transactions can't be queued when automining." source=console
time="2026-03-16T11:52:42+07:00" level=error msg="ECDSA TPS [VU7 iter23]: 500 - Blockchain execution failed: Internal error" source=console
time="2026-03-16T11:52:42+07:00" level=error msg="ECDSA TPS [VU4 iter16]: 500 - Blockchain execution failed: Nonce too low. Expected nonce to be 348 but got 347. Note that transactions can't be queued when automining." source=console
time="2026-03-16T11:52:42+07:00" level=error msg="ECDSA TPS [VU0 iter17]: 500 - Blockchain execution failed: Internal error" source=console
time="2026-03-16T11:52:42+07:00" level=error msg="ECDSA TPS [VU8 iter16]: 500 - Blockchain execution failed: Nonce too low. Expected nonce to be 349 but got 348. Note that transactions can't be queued when automining." source=console

running (0h00m04.0s), 10/30 VUs, 177 complete and 0 interrupted iterations
ecdsa_throughput    [  18% ] 10 VUs   00m03.9s/30m0s  0177/1010 iters, 101 per VU
mldsa_throughput  • [   0% ] waiting  14m56.1s       
hybrid_throughput • [   0% ] waiting  29m56.1s       
time="2026-03-16T11:52:42+07:00" level=error msg="ECDSA TPS [VU7 iter24]: 500 - Blockchain execution failed: Internal error" source=console
time="2026-03-16T11:52:42+07:00" level=error msg="ECDSA TPS [VU6 iter17]: 500 - Blockchain execution failed: Nonce too low. Expected nonce to be 350 but got 349. Note that transactions can't be queued when automining." source=console
time="2026-03-16T11:52:42+07:00" level=error msg="ECDSA TPS [VU0 iter18]: 500 - Blockchain execution failed: Internal error" source=console
time="2026-03-16T11:52:42+07:00" level=error msg="ECDSA TPS [VU3 iter17]: 500 - Blockchain execution failed: Nonce too low. Expected nonce to be 351 but got 350. Note that transactions can't be queued when automining." source=console
time="2026-03-16T11:52:42+07:00" level=error msg="ECDSA TPS [VU5 iter17]: 500 - Blockchain execution failed: Nonce too low. Expected nonce to be 352 but got 351. Note that transactions can't be queued when automining." source=console
time="2026-03-16T11:52:42+07:00" level=error msg="ECDSA TPS [VU7 iter25]: 500 - Blockchain execution failed: Internal error" source=console
time="2026-03-16T11:52:42+07:00" level=error msg="ECDSA TPS [VU1 iter17]: 500 - Blockchain execution failed: Nonce too low. Expected nonce to be 353 but got 352. Note that transactions can't be queued when automining." source=console
time="2026-03-16T11:52:42+07:00" level=error msg="ECDSA TPS [VU0 iter19]: 500 - Blockchain execution failed: Nonce too low. Expected nonce to be 354 but got 353. Note that transactions can't be queued when automining." source=console
time="2026-03-16T11:52:42+07:00" level=error msg="ECDSA TPS [VU3 iter18]: 500 - Blockchain execution failed: Nonce too low. Expected nonce to be 354 but got 353. Note that transactions can't be queued when automining." source=console
time="2026-03-16T11:52:42+07:00" level=error msg="ECDSA TPS [VU0 iter17]: 500 - Blockchain execution failed: Nonce too low. Expected nonce to be 354 but got 353. Note that transactions can't be queued when automining." source=console
time="2026-03-16T11:52:42+07:00" level=error msg="ECDSA TPS [VU5 iter18]: 500 - Blockchain execution failed: Nonce too low. Expected nonce to be 355 but got 354. Note that transactions can't be queued when automining." source=console
time="2026-03-16T11:52:42+07:00" level=error msg="ECDSA TPS [VU7 iter26]: 500 - Blockchain execution failed: Internal error" source=console
time="2026-03-16T11:52:42+07:00" level=error msg="ECDSA TPS [VU8 iter18]: 500 - Blockchain execution failed: Nonce too low. Expected nonce to be 357 but got 356. Note that transactions can't be queued when automining." source=console
time="2026-03-16T11:52:42+07:00" level=error msg="ECDSA TPS [VU7 iter27]: 500 - Blockchain execution failed: Internal error" source=console
time="2026-03-16T11:52:42+07:00" level=error msg="ECDSA TPS [VU3 iter19]: 500 - Blockchain execution failed: Nonce too low. Expected nonce to be 358 but got 357. Note that transactions can't be queued when automining." source=console
time="2026-03-16T11:52:42+07:00" level=error msg="ECDSA TPS [VU6 iter19]: 500 - Blockchain execution failed: Nonce too low. Expected nonce to be 358 but got 357. Note that transactions can't be queued when automining." source=console
time="2026-03-16T11:52:42+07:00" level=error msg="ECDSA TPS [VU0 iter18]: 500 - Blockchain execution failed: Nonce too low. Expected nonce to be 358 but got 357. Note that transactions can't be queued when automining." source=console
time="2026-03-16T11:52:42+07:00" level=error msg="ECDSA TPS [VU2 iter19]: 500 - Blockchain execution failed: Nonce too low. Expected nonce to be 359 but got 358. Note that transactions can't be queued when automining." source=console
time="2026-03-16T11:52:42+07:00" level=error msg="ECDSA TPS [VU8 iter19]: 500 - Blockchain execution failed: Nonce too low. Expected nonce to be 360 but got 359. Note that transactions can't be queued when automining." source=console
time="2026-03-16T11:52:42+07:00" level=error msg="ECDSA TPS [VU7 iter28]: 500 - Blockchain execution failed: Internal error" source=console
time="2026-03-16T11:52:42+07:00" level=error msg="ECDSA TPS [VU6 iter20]: 500 - Blockchain execution failed: Nonce too low. Expected nonce to be 362 but got 361. Note that transactions can't be queued when automining." source=console
time="2026-03-16T11:52:42+07:00" level=error msg="ECDSA TPS [VU0 iter19]: 500 - Blockchain execution failed: Nonce too low. Expected nonce to be 362 but got 361. Note that transactions can't be queued when automining." source=console
time="2026-03-16T11:52:42+07:00" level=error msg="ECDSA TPS [VU2 iter20]: 500 - Blockchain execution failed: Nonce too low. Expected nonce to be 364 but got 363. Note that transactions can't be queued when automining." source=console
time="2026-03-16T11:52:42+07:00" level=error msg="ECDSA TPS [VU7 iter29]: 500 - Blockchain execution failed: Internal error" source=console
time="2026-03-16T11:52:42+07:00" level=error msg="ECDSA TPS [VU4 iter20]: 500 - Blockchain execution failed: Nonce too low. Expected nonce to be 365 but got 364. Note that transactions can't be queued when automining." source=console
time="2026-03-16T11:52:43+07:00" level=error msg="ECDSA TPS [VU6 iter21]: 500 - Blockchain execution failed: Nonce too low. Expected nonce to be 366 but got 365. Note that transactions can't be queued when automining." source=console
time="2026-03-16T11:52:43+07:00" level=error msg="ECDSA TPS [VU0 iter20]: 500 - Blockchain execution failed: Nonce too low. Expected nonce to be 366 but got 365. Note that transactions can't be queued when automining." source=console
time="2026-03-16T11:52:43+07:00" level=error msg="ECDSA TPS [VU7 iter30]: 500 - Blockchain execution failed: Internal error" source=console
time="2026-03-16T11:52:43+07:00" level=error msg="ECDSA TPS [VU2 iter21]: 500 - Blockchain execution failed: Nonce too low. Expected nonce to be 368 but got 367. Note that transactions can't be queued when automining." source=console
time="2026-03-16T11:52:43+07:00" level=error msg="ECDSA TPS [VU4 iter21]: 500 - Blockchain execution failed: Nonce too low. Expected nonce to be 369 but got 368. Note that transactions can't be queued when automining." source=console
time="2026-03-16T11:52:43+07:00" level=error msg="ECDSA TPS [VU0 iter21]: 500 - Blockchain execution failed: Internal error" source=console
time="2026-03-16T11:52:43+07:00" level=error msg="ECDSA TPS [VU7 iter31]: 500 - Blockchain execution failed: Internal error" source=console
time="2026-03-16T11:52:43+07:00" level=error msg="ECDSA TPS [VU1 iter21]: 500 - Blockchain execution failed: Nonce too low. Expected nonce to be 371 but got 370. Note that transactions can't be queued when automining." source=console

running (0h00m05.0s), 10/30 VUs, 232 complete and 0 interrupted iterations
ecdsa_throughput    [  23% ] 10 VUs   00m04.9s/30m0s  0232/1010 iters, 101 per VU
mldsa_throughput  • [   0% ] waiting  14m55.1s       
hybrid_throughput • [   0% ] waiting  29m55.1s       
time="2026-03-16T11:52:43+07:00" level=error msg="ECDSA TPS [VU2 iter22]: 500 - Blockchain execution failed: Nonce too low. Expected nonce to be 372 but got 371. Note that transactions can't be queued when automining." source=console
time="2026-03-16T11:52:43+07:00" level=error msg="ECDSA TPS [VU0 iter22]: 500 - Blockchain execution failed: Internal error" source=console
time="2026-03-16T11:52:43+07:00" level=error msg="ECDSA TPS [VU7 iter32]: 500 - Blockchain execution failed: Internal error" source=console
time="2026-03-16T11:52:43+07:00" level=error msg="ECDSA TPS [VU5 iter22]: 500 - Blockchain execution failed: Nonce too low. Expected nonce to be 374 but got 373. Note that transactions can't be queued when automining." source=console
time="2026-03-16T11:52:43+07:00" level=error msg="ECDSA TPS [VU6 iter23]: 500 - Blockchain execution failed: Nonce too low. Expected nonce to be 376 but got 375. Note that transactions can't be queued when automining." source=console
time="2026-03-16T11:52:43+07:00" level=error msg="ECDSA TPS [VU7 iter33]: 500 - Blockchain execution failed: Internal error" source=console
time="2026-03-16T11:52:43+07:00" level=error msg="ECDSA TPS [VU3 iter23]: 500 - Blockchain execution failed: Nonce too low. Expected nonce to be 377 but got 376. Note that transactions can't be queued when automining." source=console
time="2026-03-16T11:52:43+07:00" level=error msg="ECDSA TPS [VU0 iter24]: 500 - Blockchain execution failed: Nonce too low. Expected nonce to be 378 but got 377. Note that transactions can't be queued when automining." source=console
time="2026-03-16T11:52:43+07:00" level=error msg="ECDSA TPS [VU4 iter23]: 500 - Blockchain execution failed: Nonce too low. Expected nonce to be 379 but got 378. Note that transactions can't be queued when automining." source=console
time="2026-03-16T11:52:43+07:00" level=error msg="ECDSA TPS [VU7 iter34]: 500 - Blockchain execution failed: Internal error" source=console
time="2026-03-16T11:52:43+07:00" level=error msg="ECDSA TPS [VU6 iter24]: 500 - Blockchain execution failed: Nonce too low. Expected nonce to be 380 but got 379. Note that transactions can't be queued when automining." source=console
time="2026-03-16T11:52:43+07:00" level=error msg="ECDSA TPS [VU2 iter24]: 500 - Blockchain execution failed: Nonce too low. Expected nonce to be 382 but got 381. Note that transactions can't be queued when automining." source=console
time="2026-03-16T11:52:43+07:00" level=error msg="ECDSA TPS [VU0 iter24]: 500 - Blockchain execution failed: Nonce too low. Expected nonce to be 383 but got 382. Note that transactions can't be queued when automining." source=console
time="2026-03-16T11:52:43+07:00" level=error msg="ECDSA TPS [VU7 iter35]: 500 - Blockchain execution failed: Internal error" source=console
time="2026-03-16T11:52:43+07:00" level=error msg="ECDSA TPS [VU5 iter24]: 500 - Blockchain execution failed: Nonce too low. Expected nonce to be 384 but got 383. Note that transactions can't be queued when automining." source=console
time="2026-03-16T11:52:43+07:00" level=error msg="ECDSA TPS [VU8 iter24]: 500 - Blockchain execution failed: Nonce too low. Expected nonce to be 385 but got 384. Note that transactions can't be queued when automining." source=console
time="2026-03-16T11:52:43+07:00" level=error msg="ECDSA TPS [VU7 iter36]: 500 - Blockchain execution failed: Internal error" source=console
time="2026-03-16T11:52:43+07:00" level=error msg="ECDSA TPS [VU3 iter25]: 500 - Blockchain execution failed: Nonce too low. Expected nonce to be 386 but got 385. Note that transactions can't be queued when automining." source=console
time="2026-03-16T11:52:44+07:00" level=error msg="ECDSA TPS [VU0 iter26]: 500 - Blockchain execution failed: Nonce too low. Expected nonce to be 388 but got 387. Note that transactions can't be queued when automining." source=console
time="2026-03-16T11:52:44+07:00" level=error msg="ECDSA TPS [VU4 iter25]: 500 - Blockchain execution failed: Nonce too low. Expected nonce to be 389 but got 388. Note that transactions can't be queued when automining." source=console
time="2026-03-16T11:52:44+07:00" level=error msg="ECDSA TPS [VU7 iter37]: 500 - Blockchain execution failed: Internal error" source=console
time="2026-03-16T11:52:44+07:00" level=error msg="ECDSA TPS [VU6 iter26]: 500 - Blockchain execution failed: Nonce too low. Expected nonce to be 390 but got 389. Note that transactions can't be queued when automining." source=console
time="2026-03-16T11:52:44+07:00" level=error msg="ECDSA TPS [VU1 iter25]: 500 - Blockchain execution failed: Nonce too low. Expected nonce to be 391 but got 390. Note that transactions can't be queued when automining." source=console

running (0h00m06.0s), 10/30 VUs, 274 complete and 0 interrupted iterations
ecdsa_throughput    [  27% ] 10 VUs   00m05.9s/30m0s  0274/1010 iters, 101 per VU
mldsa_throughput  • [   0% ] waiting  14m54.1s       
hybrid_throughput • [   0% ] waiting  29m54.1s       
time="2026-03-16T11:52:44+07:00" level=error msg="ECDSA TPS [VU0 iter27]: 500 - Blockchain execution failed: Nonce too low. Expected nonce to be 392 but got 391. Note that transactions can't be queued when automining." source=console
time="2026-03-16T11:52:44+07:00" level=error msg="ECDSA TPS [VU0 iter26]: 500 - Blockchain execution failed: Nonce too low. Expected nonce to be 392 but got 391. Note that transactions can't be queued when automining." source=console
time="2026-03-16T11:52:44+07:00" level=error msg="ECDSA TPS [VU7 iter38]: 500 - Blockchain execution failed: Internal error" source=console
time="2026-03-16T11:52:44+07:00" level=error msg="ECDSA TPS [VU5 iter26]: 500 - Blockchain execution failed: Nonce too low. Expected nonce to be 393 but got 392. Note that transactions can't be queued when automining." source=console
time="2026-03-16T11:52:44+07:00" level=error msg="ECDSA TPS [VU8 iter26]: 500 - Blockchain execution failed: Nonce too low. Expected nonce to be 394 but got 393. Note that transactions can't be queued when automining." source=console
time="2026-03-16T11:52:44+07:00" level=error msg="ECDSA TPS [VU7 iter39]: 500 - Blockchain execution failed: Internal error" source=console
time="2026-03-16T11:52:44+07:00" level=error msg="ECDSA TPS [VU0 iter28]: 500 - Blockchain execution failed: Nonce too low. Expected nonce to be 396 but got 395. Note that transactions can't be queued when automining." source=console
time="2026-03-16T11:52:44+07:00" level=error msg="ECDSA TPS [VU2 iter27]: 500 - Blockchain execution failed: Nonce too low. Expected nonce to be 397 but got 396. Note that transactions can't be queued when automining." source=console
time="2026-03-16T11:52:44+07:00" level=error msg="ECDSA TPS [VU4 iter27]: 500 - Blockchain execution failed: Nonce too low. Expected nonce to be 398 but got 397. Note that transactions can't be queued when automining." source=console
time="2026-03-16T11:52:44+07:00" level=error msg="ECDSA TPS [VU7 iter40]: 500 - Blockchain execution failed: Internal error" source=console
time="2026-03-16T11:52:44+07:00" level=error msg="ECDSA TPS [VU1 iter27]: 500 - Blockchain execution failed: Nonce too low. Expected nonce to be 400 but got 399. Note that transactions can't be queued when automining." source=console
time="2026-03-16T11:52:44+07:00" level=error msg="ECDSA TPS [VU3 iter28]: 500 - Blockchain execution failed: Nonce too low. Expected nonce to be 401 but got 400. Note that transactions can't be queued when automining." source=console
time="2026-03-16T11:52:44+07:00" level=error msg="ECDSA TPS [VU2 iter28]: 500 - Blockchain execution failed: Nonce too low. Expected nonce to be 401 but got 400. Note that transactions can't be queued when automining." source=console
time="2026-03-16T11:52:44+07:00" level=error msg="ECDSA TPS [VU0 iter28]: 500 - Blockchain execution failed: Internal error" source=console
time="2026-03-16T11:52:44+07:00" level=error msg="ECDSA TPS [VU7 iter41]: 500 - Blockchain execution failed: Internal error" source=console
time="2026-03-16T11:52:44+07:00" level=error msg="ECDSA TPS [VU4 iter28]: 500 - Blockchain execution failed: Nonce too low. Expected nonce to be 403 but got 402. Note that transactions can't be queued when automining." source=console
time="2026-03-16T11:52:44+07:00" level=error msg="ECDSA TPS [VU1 iter28]: 500 - Blockchain execution failed: Nonce too low. Expected nonce to be 405 but got 404. Note that transactions can't be queued when automining." source=console
time="2026-03-16T11:52:44+07:00" level=error msg="ECDSA TPS [VU7 iter42]: 500 - Blockchain execution failed: Internal error" source=console
time="2026-03-16T11:52:44+07:00" level=error msg="ECDSA TPS [VU2 iter29]: 500 - Blockchain execution failed: Nonce too low. Expected nonce to be 406 but got 405. Note that transactions can't be queued when automining." source=console
time="2026-03-16T11:52:44+07:00" level=error msg="ECDSA TPS [VU0 iter30]: 500 - Blockchain execution failed: Nonce too low. Expected nonce to be 406 but got 405. Note that transactions can't be queued when automining." source=console
time="2026-03-16T11:52:44+07:00" level=error msg="ECDSA TPS [VU0 iter29]: 500 - Blockchain execution failed: Nonce too low. Expected nonce to be 406 but got 405. Note that transactions can't be queued when automining." source=console
time="2026-03-16T11:52:44+07:00" level=error msg="ECDSA TPS [VU5 iter29]: 500 - Blockchain execution failed: Nonce too low. Expected nonce to be 407 but got 406. Note that transactions can't be queued when automining." source=console
time="2026-03-16T11:52:44+07:00" level=error msg="ECDSA TPS [VU7 iter43]: 500 - Blockchain execution failed: Internal error" source=console
time="2026-03-16T11:52:45+07:00" level=error msg="ECDSA TPS [VU1 iter29]: 500 - Blockchain execution failed: Nonce too low. Expected nonce to be 408 but got 407. Note that transactions can't be queued when automining." source=console
time="2026-03-16T11:52:45+07:00" level=error msg="ECDSA TPS [VU2 iter30]: 500 - Blockchain execution failed: Nonce too low. Expected nonce to be 409 but got 408. Note that transactions can't be queued when automining." source=console
time="2026-03-16T11:52:45+07:00" level=error msg="ECDSA TPS [VU0 iter30]: 500 - Blockchain execution failed: Nonce too low. Expected nonce to be 410 but got 409. Note that transactions can't be queued when automining." source=console
time="2026-03-16T11:52:45+07:00" level=error msg="ECDSA TPS [VU3 iter30]: 500 - Blockchain execution failed: Nonce too low. Expected nonce to be 410 but got 409. Note that transactions can't be queued when automining." source=console
time="2026-03-16T11:52:45+07:00" level=error msg="ECDSA TPS [VU7 iter44]: 500 - Blockchain execution failed: Internal error" source=console
time="2026-03-16T11:52:45+07:00" level=error msg="ECDSA TPS [VU4 iter30]: 500 - Blockchain execution failed: Nonce too low. Expected nonce to be 411 but got 410. Note that transactions can't be queued when automining." source=console
time="2026-03-16T11:52:45+07:00" level=error msg="ECDSA TPS [VU8 iter30]: 500 - Blockchain execution failed: Nonce too low. Expected nonce to be 412 but got 411. Note that transactions can't be queued when automining." source=console

running (0h00m07.0s), 10/30 VUs, 325 complete and 0 interrupted iterations
ecdsa_throughput    [  32% ] 10 VUs   00m06.9s/30m0s  0325/1010 iters, 101 per VU
mldsa_throughput  • [   0% ] waiting  14m53.1s       
hybrid_throughput • [   0% ] waiting  29m53.1s       
time="2026-03-16T11:52:45+07:00" level=error msg="ECDSA TPS [VU7 iter45]: 500 - Blockchain execution failed: Internal error" source=console
time="2026-03-16T11:52:45+07:00" level=error msg="ECDSA TPS [VU6 iter31]: 500 - Blockchain execution failed: Nonce too low. Expected nonce to be 413 but got 412. Note that transactions can't be queued when automining." source=console
time="2026-03-16T11:52:45+07:00" level=error msg="ECDSA TPS [VU0 iter31]: 500 - Blockchain execution failed: Nonce too low. Expected nonce to be 413 but got 412. Note that transactions can't be queued when automining." source=console
time="2026-03-16T11:52:45+07:00" level=error msg="ECDSA TPS [VU3 iter31]: 500 - Blockchain execution failed: Nonce too low. Expected nonce to be 413 but got 412. Note that transactions can't be queued when automining." source=console
time="2026-03-16T11:52:45+07:00" level=error msg="ECDSA TPS [VU5 iter31]: 500 - Blockchain execution failed: Nonce too low. Expected nonce to be 415 but got 414. Note that transactions can't be queued when automining." source=console
time="2026-03-16T11:52:45+07:00" level=error msg="ECDSA TPS [VU7 iter46]: 500 - Blockchain execution failed: Internal error" source=console
time="2026-03-16T11:52:45+07:00" level=error msg="ECDSA TPS [VU1 iter31]: 500 - Blockchain execution failed: Nonce too low. Expected nonce to be 416 but got 415. Note that transactions can't be queued when automining." source=console
time="2026-03-16T11:52:45+07:00" level=error msg="ECDSA TPS [VU0 iter32]: 500 - Blockchain execution failed: Nonce too low. Expected nonce to be 417 but got 416. Note that transactions can't be queued when automining." source=console
time="2026-03-16T11:52:45+07:00" level=error msg="ECDSA TPS [VU2 iter32]: 500 - Blockchain execution failed: Nonce too low. Expected nonce to be 417 but got 416. Note that transactions can't be queued when automining." source=console
time="2026-03-16T11:52:45+07:00" level=error msg="ECDSA TPS [VU3 iter32]: 500 - Blockchain execution failed: Nonce too low. Expected nonce to be 417 but got 416. Note that transactions can't be queued when automining." source=console
time="2026-03-16T11:52:45+07:00" level=error msg="ECDSA TPS [VU7 iter47]: 500 - Blockchain execution failed: Internal error" source=console
time="2026-03-16T11:52:45+07:00" level=error msg="ECDSA TPS [VU4 iter32]: 500 - Blockchain execution failed: Nonce too low. Expected nonce to be 419 but got 418. Note that transactions can't be queued when automining." source=console
time="2026-03-16T11:52:45+07:00" level=error msg="ECDSA TPS [VU0 iter33]: 500 - Blockchain execution failed: Internal error" source=console
time="2026-03-16T11:52:45+07:00" level=error msg="ECDSA TPS [VU8 iter32]: 500 - Blockchain execution failed: Nonce too low. Expected nonce to be 420 but got 419. Note that transactions can't be queued when automining." source=console
time="2026-03-16T11:52:45+07:00" level=error msg="ECDSA TPS [VU7 iter48]: 500 - Blockchain execution failed: Internal error" source=console
time="2026-03-16T11:52:45+07:00" level=error msg="ECDSA TPS [VU3 iter33]: 500 - Blockchain execution failed: Nonce too low. Expected nonce to be 421 but got 420. Note that transactions can't be queued when automining." source=console
time="2026-03-16T11:52:45+07:00" level=error msg="ECDSA TPS [VU6 iter33]: 500 - Blockchain execution failed: Nonce too low. Expected nonce to be 421 but got 420. Note that transactions can't be queued when automining." source=console
time="2026-03-16T11:52:45+07:00" level=error msg="ECDSA TPS [VU4 iter33]: 500 - Blockchain execution failed: Nonce too low. Expected nonce to be 422 but got 421. Note that transactions can't be queued when automining." source=console
time="2026-03-16T11:52:45+07:00" level=error msg="ECDSA TPS [VU0 iter34]: 500 - Blockchain execution failed: Nonce too low. Expected nonce to be 423 but got 422. Note that transactions can't be queued when automining." source=console
time="2026-03-16T11:52:45+07:00" level=error msg="ECDSA TPS [VU7 iter49]: 500 - Blockchain execution failed: Internal error" source=console
time="2026-03-16T11:52:45+07:00" level=error msg="ECDSA TPS [VU1 iter33]: 500 - Blockchain execution failed: Nonce too low. Expected nonce to be 424 but got 423. Note that transactions can't be queued when automining." source=console
time="2026-03-16T11:52:45+07:00" level=error msg="ECDSA TPS [VU6 iter34]: 500 - Blockchain execution failed: Nonce too low. Expected nonce to be 425 but got 424. Note that transactions can't be queued when automining." source=console
time="2026-03-16T11:52:45+07:00" level=error msg="ECDSA TPS [VU2 iter34]: 500 - Blockchain execution failed: Nonce too low. Expected nonce to be 425 but got 424. Note that transactions can't be queued when automining." source=console
time="2026-03-16T11:52:45+07:00" level=error msg="ECDSA TPS [VU7 iter50]: 500 - Blockchain execution failed: Internal error" source=console
time="2026-03-16T11:52:45+07:00" level=error msg="ECDSA TPS [VU4 iter34]: 500 - Blockchain execution failed: Nonce too low. Expected nonce to be 426 but got 425. Note that transactions can't be queued when automining." source=console
time="2026-03-16T11:52:45+07:00" level=error msg="ECDSA TPS [VU0 iter35]: 500 - Blockchain execution failed: Nonce too low. Expected nonce to be 426 but got 425. Note that transactions can't be queued when automining." source=console
time="2026-03-16T11:52:45+07:00" level=error msg="ECDSA TPS [VU6 iter35]: 500 - Blockchain execution failed: Nonce too low. Expected nonce to be 428 but got 427. Note that transactions can't be queued when automining." source=console
time="2026-03-16T11:52:45+07:00" level=error msg="ECDSA TPS [VU8 iter34]: 500 - Blockchain execution failed: Nonce too low. Expected nonce to be 428 but got 427. Note that transactions can't be queued when automining." source=console
time="2026-03-16T11:52:46+07:00" level=error msg="ECDSA TPS [VU2 iter35]: 500 - Blockchain execution failed: Nonce too low. Expected nonce to be 428 but got 427. Note that transactions can't be queued when automining." source=console
time="2026-03-16T11:52:46+07:00" level=error msg="ECDSA TPS [VU7 iter51]: 500 - Blockchain execution failed: Internal error" source=console
time="2026-03-16T11:52:46+07:00" level=error msg="ECDSA TPS [VU0 iter36]: 500 - Blockchain execution failed: Nonce too low. Expected nonce to be 430 but got 429. Note that transactions can't be queued when automining." source=console
time="2026-03-16T11:52:46+07:00" level=error msg="ECDSA TPS [VU0 iter36]: 500 - Blockchain execution failed: Nonce too low. Expected nonce to be 430 but got 429. Note that transactions can't be queued when automining." source=console
time="2026-03-16T11:52:46+07:00" level=error msg="ECDSA TPS [VU7 iter52]: 500 - Blockchain execution failed: Internal error" source=console
time="2026-03-16T11:52:46+07:00" level=error msg="ECDSA TPS [VU8 iter35]: 500 - Blockchain execution failed: Nonce too low. Expected nonce to be 432 but got 431. Note that transactions can't be queued when automining." source=console
time="2026-03-16T11:52:46+07:00" level=error msg="ECDSA TPS [VU2 iter36]: 500 - Blockchain execution failed: Nonce too low. Expected nonce to be 432 but got 431. Note that transactions can't be queued when automining." source=console
time="2026-03-16T11:52:46+07:00" level=error msg="ECDSA TPS [VU1 iter35]: 500 - Blockchain execution failed: Nonce too low. Expected nonce to be 432 but got 431. Note that transactions can't be queued when automining." source=console

running (0h00m08.0s), 10/30 VUs, 381 complete and 0 interrupted iterations
ecdsa_throughput    [  38% ] 10 VUs   00m07.9s/30m0s  0381/1010 iters, 101 per VU
mldsa_throughput  • [   0% ] waiting  14m52.1s       
hybrid_throughput • [   0% ] waiting  29m52.1s       
time="2026-03-16T11:52:46+07:00" level=error msg="ECDSA TPS [VU7 iter53]: 500 - Blockchain execution failed: Internal error" source=console
time="2026-03-16T11:52:46+07:00" level=error msg="ECDSA TPS [VU4 iter36]: 500 - Blockchain execution failed: Nonce too low. Expected nonce to be 434 but got 433. Note that transactions can't be queued when automining." source=console
time="2026-03-16T11:52:46+07:00" level=error msg="ECDSA TPS [VU0 iter37]: 500 - Blockchain execution failed: Nonce too low. Expected nonce to be 434 but got 433. Note that transactions can't be queued when automining." source=console
time="2026-03-16T11:52:46+07:00" level=error msg="ECDSA TPS [VU8 iter36]: 500 - Blockchain execution failed: Nonce too low. Expected nonce to be 435 but got 434. Note that transactions can't be queued when automining." source=console
time="2026-03-16T11:52:46+07:00" level=error msg="ECDSA TPS [VU2 iter37]: 500 - Blockchain execution failed: Nonce too low. Expected nonce to be 435 but got 434. Note that transactions can't be queued when automining." source=console
time="2026-03-16T11:52:46+07:00" level=error msg="ECDSA TPS [VU1 iter36]: 500 - Blockchain execution failed: Nonce too low. Expected nonce to be 435 but got 434. Note that transactions can't be queued when automining." source=console
time="2026-03-16T11:52:46+07:00" level=error msg="ECDSA TPS [VU7 iter54]: 500 - Blockchain execution failed: Internal error" source=console
time="2026-03-16T11:52:46+07:00" level=error msg="ECDSA TPS [VU0 iter38]: 500 - Blockchain execution failed: Nonce too low. Expected nonce to be 438 but got 437. Note that transactions can't be queued when automining." source=console
time="2026-03-16T11:52:46+07:00" level=error msg="ECDSA TPS [VU0 iter38]: 500 - Blockchain execution failed: Nonce too low. Expected nonce to be 438 but got 437. Note that transactions can't be queued when automining." source=console
time="2026-03-16T11:52:46+07:00" level=error msg="ECDSA TPS [VU7 iter55]: 500 - Blockchain execution failed: Internal error" source=console
time="2026-03-16T11:52:46+07:00" level=error msg="ECDSA TPS [VU2 iter38]: 500 - Blockchain execution failed: Nonce too low. Expected nonce to be 439 but got 438. Note that transactions can't be queued when automining." source=console
time="2026-03-16T11:52:46+07:00" level=error msg="ECDSA TPS [VU1 iter37]: 500 - Blockchain execution failed: Nonce too low. Expected nonce to be 439 but got 438. Note that transactions can't be queued when automining." source=console
time="2026-03-16T11:52:46+07:00" level=error msg="ECDSA TPS [VU5 iter37]: 500 - Blockchain execution failed: Nonce too low. Expected nonce to be 439 but got 438. Note that transactions can't be queued when automining." source=console
time="2026-03-16T11:52:46+07:00" level=error msg="ECDSA TPS [VU0 iter39]: 500 - Blockchain execution failed: Nonce too low. Expected nonce to be 441 but got 440. Note that transactions can't be queued when automining." source=console
time="2026-03-16T11:52:46+07:00" level=error msg="ECDSA TPS [VU7 iter56]: 500 - Blockchain execution failed: Internal error" source=console
time="2026-03-16T11:52:46+07:00" level=error msg="ECDSA TPS [VU4 iter38]: 500 - Blockchain execution failed: Nonce too low. Expected nonce to be 442 but got 441. Note that transactions can't be queued when automining." source=console
time="2026-03-16T11:52:46+07:00" level=error msg="ECDSA TPS [VU1 iter38]: 500 - Blockchain execution failed: Nonce too low. Expected nonce to be 443 but got 442. Note that transactions can't be queued when automining." source=console
time="2026-03-16T11:52:46+07:00" level=error msg="ECDSA TPS [VU5 iter38]: 500 - Blockchain execution failed: Nonce too low. Expected nonce to be 443 but got 442. Note that transactions can't be queued when automining." source=console
time="2026-03-16T11:52:46+07:00" level=error msg="ECDSA TPS [VU7 iter57]: 500 - Blockchain execution failed: Internal error" source=console
time="2026-03-16T11:52:46+07:00" level=error msg="ECDSA TPS [VU3 iter39]: 500 - Blockchain execution failed: Nonce too low. Expected nonce to be 446 but got 445. Note that transactions can't be queued when automining." source=console
time="2026-03-16T11:52:46+07:00" level=error msg="ECDSA TPS [VU0 iter40]: 500 - Blockchain execution failed: Internal error" source=console
time="2026-03-16T11:52:46+07:00" level=error msg="ECDSA TPS [VU4 iter39]: 500 - Blockchain execution failed: Nonce too low. Expected nonce to be 447 but got 446. Note that transactions can't be queued when automining." source=console
time="2026-03-16T11:52:46+07:00" level=error msg="ECDSA TPS [VU7 iter58]: 500 - Blockchain execution failed: Internal error" source=console
time="2026-03-16T11:52:47+07:00" level=error msg="ECDSA TPS [VU5 iter39]: 500 - Blockchain execution failed: Nonce too low. Expected nonce to be 448 but got 447. Note that transactions can't be queued when automining." source=console
time="2026-03-16T11:52:47+07:00" level=error msg="ECDSA TPS [VU2 iter40]: 500 - Blockchain execution failed: Nonce too low. Expected nonce to be 448 but got 447. Note that transactions can't be queued when automining." source=console
time="2026-03-16T11:52:47+07:00" level=error msg="ECDSA TPS [VU3 iter40]: 500 - Blockchain execution failed: Nonce too low. Expected nonce to be 450 but got 449. Note that transactions can't be queued when automining." source=console
time="2026-03-16T11:52:47+07:00" level=error msg="ECDSA TPS [VU7 iter59]: 500 - Blockchain execution failed: Internal error" source=console
time="2026-03-16T11:52:47+07:00" level=error msg="ECDSA TPS [VU0 iter41]: 500 - Blockchain execution failed: Nonce too low. Expected nonce to be 451 but got 450. Note that transactions can't be queued when automining." source=console
time="2026-03-16T11:52:47+07:00" level=error msg="ECDSA TPS [VU4 iter40]: 500 - Blockchain execution failed: Nonce too low. Expected nonce to be 451 but got 450. Note that transactions can't be queued when automining." source=console
time="2026-03-16T11:52:47+07:00" level=error msg="ECDSA TPS [VU5 iter40]: 500 - Blockchain execution failed: Nonce too low. Expected nonce to be 452 but got 451. Note that transactions can't be queued when automining." source=console
time="2026-03-16T11:52:47+07:00" level=error msg="ECDSA TPS [VU1 iter40]: 500 - Blockchain execution failed: Nonce too low. Expected nonce to be 452 but got 451. Note that transactions can't be queued when automining." source=console

running (0h00m09.0s), 10/30 VUs, 431 complete and 0 interrupted iterations
ecdsa_throughput    [  43% ] 10 VUs   00m08.9s/30m0s  0431/1010 iters, 101 per VU
mldsa_throughput  • [   0% ] waiting  14m51.1s       
hybrid_throughput • [   0% ] waiting  29m51.1s       
time="2026-03-16T11:52:47+07:00" level=error msg="ECDSA TPS [VU7 iter60]: 500 - Blockchain execution failed: Internal error" source=console
time="2026-03-16T11:52:47+07:00" level=error msg="ECDSA TPS [VU3 iter41]: 500 - Blockchain execution failed: Nonce too low. Expected nonce to be 453 but got 452. Note that transactions can't be queued when automining." source=console
time="2026-03-16T11:52:47+07:00" level=error msg="ECDSA TPS [VU0 iter42]: 500 - Blockchain execution failed: Nonce too low. Expected nonce to be 455 but got 454. Note that transactions can't be queued when automining." source=console
time="2026-03-16T11:52:47+07:00" level=error msg="ECDSA TPS [VU0 iter42]: 500 - Blockchain execution failed: Nonce too low. Expected nonce to be 455 but got 454. Note that transactions can't be queued when automining." source=console
time="2026-03-16T11:52:47+07:00" level=error msg="ECDSA TPS [VU7 iter61]: 500 - Blockchain execution failed: Internal error" source=console
time="2026-03-16T11:52:47+07:00" level=error msg="ECDSA TPS [VU1 iter41]: 500 - Blockchain execution failed: Nonce too low. Expected nonce to be 456 but got 455. Note that transactions can't be queued when automining." source=console
time="2026-03-16T11:52:47+07:00" level=error msg="ECDSA TPS [VU2 iter42]: 500 - Blockchain execution failed: Nonce too low. Expected nonce to be 456 but got 455. Note that transactions can't be queued when automining." source=console
time="2026-03-16T11:52:47+07:00" level=error msg="ECDSA TPS [VU8 iter41]: 500 - Blockchain execution failed: Nonce too low. Expected nonce to be 457 but got 456. Note that transactions can't be queued when automining." source=console
time="2026-03-16T11:52:47+07:00" level=error msg="ECDSA TPS [VU0 iter43]: 500 - Blockchain execution failed: Nonce too low. Expected nonce to be 458 but got 457. Note that transactions can't be queued when automining." source=console
time="2026-03-16T11:52:47+07:00" level=error msg="ECDSA TPS [VU0 iter43]: 500 - Blockchain execution failed: Nonce too low. Expected nonce to be 458 but got 457. Note that transactions can't be queued when automining." source=console
time="2026-03-16T11:52:47+07:00" level=error msg="ECDSA TPS [VU7 iter62]: 500 - Blockchain execution failed: Internal error" source=console
time="2026-03-16T11:52:47+07:00" level=error msg="ECDSA TPS [VU2 iter43]: 500 - Blockchain execution failed: Nonce too low. Expected nonce to be 460 but got 459. Note that transactions can't be queued when automining." source=console
time="2026-03-16T11:52:47+07:00" level=error msg="ECDSA TPS [VU1 iter42]: 500 - Blockchain execution failed: Nonce too low. Expected nonce to be 460 but got 459. Note that transactions can't be queued when automining." source=console
time="2026-03-16T11:52:47+07:00" level=error msg="ECDSA TPS [VU7 iter63]: 500 - Blockchain execution failed: Internal error" source=console
time="2026-03-16T11:52:47+07:00" level=error msg="ECDSA TPS [VU0 iter44]: 500 - Blockchain execution failed: Nonce too low. Expected nonce to be 462 but got 461. Note that transactions can't be queued when automining." source=console
time="2026-03-16T11:52:47+07:00" level=error msg="ECDSA TPS [VU0 iter44]: 500 - Blockchain execution failed: Nonce too low. Expected nonce to be 462 but got 461. Note that transactions can't be queued when automining." source=console
time="2026-03-16T11:52:47+07:00" level=error msg="ECDSA TPS [VU6 iter43]: 500 - Blockchain execution failed: Nonce too low. Expected nonce to be 462 but got 461. Note that transactions can't be queued when automining." source=console
time="2026-03-16T11:52:47+07:00" level=error msg="ECDSA TPS [VU1 iter43]: 500 - Blockchain execution failed: Nonce too low. Expected nonce to be 464 but got 463. Note that transactions can't be queued when automining." source=console
time="2026-03-16T11:52:47+07:00" level=error msg="ECDSA TPS [VU7 iter64]: 500 - Blockchain execution failed: Internal error" source=console
time="2026-03-16T11:52:47+07:00" level=error msg="ECDSA TPS [VU5 iter43]: 500 - Blockchain execution failed: Nonce too low. Expected nonce to be 464 but got 463. Note that transactions can't be queued when automining." source=console
time="2026-03-16T11:52:47+07:00" level=error msg="ECDSA TPS [VU0 iter45]: 500 - Blockchain execution failed: Nonce too low. Expected nonce to be 465 but got 464. Note that transactions can't be queued when automining." source=console
time="2026-03-16T11:52:47+07:00" level=error msg="ECDSA TPS [VU6 iter44]: 500 - Blockchain execution failed: Nonce too low. Expected nonce to be 466 but got 465. Note that transactions can't be queued when automining." source=console
time="2026-03-16T11:52:47+07:00" level=error msg="ECDSA TPS [VU3 iter44]: 500 - Blockchain execution failed: Nonce too low. Expected nonce to be 466 but got 465. Note that transactions can't be queued when automining." source=console
time="2026-03-16T11:52:47+07:00" level=error msg="ECDSA TPS [VU7 iter65]: 500 - Blockchain execution failed: Internal error" source=console
time="2026-03-16T11:52:47+07:00" level=error msg="ECDSA TPS [VU1 iter44]: 500 - Blockchain execution failed: Nonce too low. Expected nonce to be 467 but got 466. Note that transactions can't be queued when automining." source=console
time="2026-03-16T11:52:47+07:00" level=error msg="ECDSA TPS [VU5 iter44]: 500 - Blockchain execution failed: Nonce too low. Expected nonce to be 467 but got 466. Note that transactions can't be queued when automining." source=console
time="2026-03-16T11:52:48+07:00" level=error msg="ECDSA TPS [VU7 iter66]: 500 - Blockchain execution failed: Internal error" source=console
time="2026-03-16T11:52:48+07:00" level=error msg="ECDSA TPS [VU8 iter44]: 500 - Blockchain execution failed: Nonce too low. Expected nonce to be 469 but got 468. Note that transactions can't be queued when automining." source=console
time="2026-03-16T11:52:48+07:00" level=error msg="ECDSA TPS [VU6 iter45]: 500 - Blockchain execution failed: Nonce too low. Expected nonce to be 469 but got 468. Note that transactions can't be queued when automining." source=console
time="2026-03-16T11:52:48+07:00" level=error msg="ECDSA TPS [VU3 iter45]: 500 - Blockchain execution failed: Nonce too low. Expected nonce to be 469 but got 468. Note that transactions can't be queued when automining." source=console
time="2026-03-16T11:52:48+07:00" level=error msg="ECDSA TPS [VU0 iter46]: 500 - Blockchain execution failed: Internal error" source=console
time="2026-03-16T11:52:48+07:00" level=error msg="ECDSA TPS [VU5 iter45]: 500 - Blockchain execution failed: Nonce too low. Expected nonce to be 471 but got 470. Note that transactions can't be queued when automining." source=console
time="2026-03-16T11:52:48+07:00" level=error msg="ECDSA TPS [VU4 iter45]: 500 - Blockchain execution failed: Nonce too low. Expected nonce to be 471 but got 470. Note that transactions can't be queued when automining." source=console
time="2026-03-16T11:52:48+07:00" level=error msg="ECDSA TPS [VU7 iter67]: 500 - Blockchain execution failed: Internal error" source=console
time="2026-03-16T11:52:48+07:00" level=error msg="ECDSA TPS [VU8 iter45]: 500 - Blockchain execution failed: Nonce too low. Expected nonce to be 473 but got 472. Note that transactions can't be queued when automining." source=console

running (0h00m10.0s), 10/30 VUs, 485 complete and 0 interrupted iterations
ecdsa_throughput    [  48% ] 10 VUs   00m09.9s/30m0s  0485/1010 iters, 101 per VU
mldsa_throughput  • [   0% ] waiting  14m50.1s       
hybrid_throughput • [   0% ] waiting  29m50.1s       
time="2026-03-16T11:52:48+07:00" level=error msg="ECDSA TPS [VU3 iter46]: 500 - Blockchain execution failed: Nonce too low. Expected nonce to be 473 but got 472. Note that transactions can't be queued when automining." source=console
time="2026-03-16T11:52:48+07:00" level=error msg="ECDSA TPS [VU0 iter47]: 500 - Blockchain execution failed: Nonce too low. Expected nonce to be 473 but got 472. Note that transactions can't be queued when automining." source=console
time="2026-03-16T11:52:48+07:00" level=error msg="ECDSA TPS [VU0 iter47]: 500 - Blockchain execution failed: Nonce too low. Expected nonce to be 473 but got 472. Note that transactions can't be queued when automining." source=console
time="2026-03-16T11:52:48+07:00" level=error msg="ECDSA TPS [VU7 iter68]: 500 - Blockchain execution failed: Internal error" source=console
time="2026-03-16T11:52:48+07:00" level=error msg="ECDSA TPS [VU4 iter46]: 500 - Blockchain execution failed: Nonce too low. Expected nonce to be 474 but got 473. Note that transactions can't be queued when automining." source=console
time="2026-03-16T11:52:48+07:00" level=error msg="ECDSA TPS [VU1 iter46]: 500 - Blockchain execution failed: Nonce too low. Expected nonce to be 474 but got 473. Note that transactions can't be queued when automining." source=console
time="2026-03-16T11:52:48+07:00" level=error msg="ECDSA TPS [VU3 iter47]: 500 - Blockchain execution failed: Nonce too low. Expected nonce to be 476 but got 475. Note that transactions can't be queued when automining." source=console
time="2026-03-16T11:52:48+07:00" level=error msg="ECDSA TPS [VU7 iter69]: 500 - Blockchain execution failed: Internal error" source=console
time="2026-03-16T11:52:48+07:00" level=error msg="ECDSA TPS [VU0 iter48]: 500 - Blockchain execution failed: Nonce too low. Expected nonce to be 476 but got 475. Note that transactions can't be queued when automining." source=console
time="2026-03-16T11:52:48+07:00" level=error msg="ECDSA TPS [VU6 iter47]: 500 - Blockchain execution failed: Nonce too low. Expected nonce to be 476 but got 475. Note that transactions can't be queued when automining." source=console
time="2026-03-16T11:52:48+07:00" level=error msg="ECDSA TPS [VU0 iter48]: 500 - Blockchain execution failed: Nonce too low. Expected nonce to be 476 but got 475. Note that transactions can't be queued when automining." source=console
time="2026-03-16T11:52:48+07:00" level=error msg="ECDSA TPS [VU1 iter47]: 500 - Blockchain execution failed: Nonce too low. Expected nonce to be 477 but got 476. Note that transactions can't be queued when automining." source=console
time="2026-03-16T11:52:48+07:00" level=error msg="ECDSA TPS [VU5 iter47]: 500 - Blockchain execution failed: Nonce too low. Expected nonce to be 477 but got 476. Note that transactions can't be queued when automining." source=console
time="2026-03-16T11:52:48+07:00" level=error msg="ECDSA TPS [VU7 iter70]: 500 - Blockchain execution failed: Internal error" source=console
time="2026-03-16T11:52:48+07:00" level=error msg="ECDSA TPS [VU3 iter48]: 500 - Blockchain execution failed: Nonce too low. Expected nonce to be 478 but got 477. Note that transactions can't be queued when automining." source=console
time="2026-03-16T11:52:48+07:00" level=error msg="ECDSA TPS [VU8 iter47]: 500 - Blockchain execution failed: Nonce too low. Expected nonce to be 479 but got 478. Note that transactions can't be queued when automining." source=console
time="2026-03-16T11:52:48+07:00" level=error msg="ECDSA TPS [VU6 iter48]: 500 - Blockchain execution failed: Nonce too low. Expected nonce to be 479 but got 478. Note that transactions can't be queued when automining." source=console
time="2026-03-16T11:52:48+07:00" level=error msg="ECDSA TPS [VU0 iter49]: 500 - Blockchain execution failed: Nonce too low. Expected nonce to be 479 but got 478. Note that transactions can't be queued when automining." source=console
time="2026-03-16T11:52:48+07:00" level=error msg="ECDSA TPS [VU7 iter71]: 500 - Blockchain execution failed: Internal error" source=console
time="2026-03-16T11:52:48+07:00" level=error msg="ECDSA TPS [VU5 iter48]: 500 - Blockchain execution failed: Nonce too low. Expected nonce to be 480 but got 479. Note that transactions can't be queued when automining." source=console
time="2026-03-16T11:52:48+07:00" level=error msg="ECDSA TPS [VU4 iter48]: 500 - Blockchain execution failed: Nonce too low. Expected nonce to be 480 but got 479. Note that transactions can't be queued when automining." source=console
time="2026-03-16T11:52:48+07:00" level=error msg="ECDSA TPS [VU3 iter49]: 500 - Blockchain execution failed: Nonce too low. Expected nonce to be 481 but got 480. Note that transactions can't be queued when automining." source=console
time="2026-03-16T11:52:48+07:00" level=error msg="ECDSA TPS [VU8 iter48]: 500 - Blockchain execution failed: Nonce too low. Expected nonce to be 481 but got 480. Note that transactions can't be queued when automining." source=console
time="2026-03-16T11:52:48+07:00" level=error msg="ECDSA TPS [VU6 iter49]: 500 - Blockchain execution failed: Nonce too low. Expected nonce to be 481 but got 480. Note that transactions can't be queued when automining." source=console
time="2026-03-16T11:52:48+07:00" level=error msg="ECDSA TPS [VU0 iter50]: 500 - Blockchain execution failed: Nonce too low. Expected nonce to be 481 but got 480. Note that transactions can't be queued when automining." source=console
time="2026-03-16T11:52:48+07:00" level=error msg="ECDSA TPS [VU7 iter72]: 500 - Blockchain execution failed: Internal error" source=console
time="2026-03-16T11:52:48+07:00" level=error msg="ECDSA TPS [VU4 iter49]: 500 - Blockchain execution failed: Nonce too low. Expected nonce to be 483 but got 482. Note that transactions can't be queued when automining." source=console
time="2026-03-16T11:52:48+07:00" level=error msg="ECDSA TPS [VU1 iter49]: 500 - Blockchain execution failed: Nonce too low. Expected nonce to be 483 but got 482. Note that transactions can't be queued when automining." source=console
time="2026-03-16T11:52:48+07:00" level=error msg="ECDSA TPS [VU7 iter73]: 500 - Blockchain execution failed: Internal error" source=console
time="2026-03-16T11:52:48+07:00" level=error msg="ECDSA TPS [VU8 iter49]: 500 - Blockchain execution failed: Nonce too low. Expected nonce to be 484 but got 483. Note that transactions can't be queued when automining." source=console
time="2026-03-16T11:52:48+07:00" level=error msg="ECDSA TPS [VU6 iter50]: 500 - Blockchain execution failed: Nonce too low. Expected nonce to be 484 but got 483. Note that transactions can't be queued when automining." source=console
time="2026-03-16T11:52:48+07:00" level=error msg="ECDSA TPS [VU0 iter51]: 500 - Blockchain execution failed: Nonce too low. Expected nonce to be 484 but got 483. Note that transactions can't be queued when automining." source=console
time="2026-03-16T11:52:48+07:00" level=error msg="ECDSA TPS [VU2 iter50]: 500 - Blockchain execution failed: Nonce too low. Expected nonce to be 484 but got 483. Note that transactions can't be queued when automining." source=console
time="2026-03-16T11:52:49+07:00" level=error msg="ECDSA TPS [VU7 iter74]: 500 - Blockchain execution failed: Internal error" source=console
time="2026-03-16T11:52:49+07:00" level=error msg="ECDSA TPS [VU1 iter50]: 500 - Blockchain execution failed: Nonce too low. Expected nonce to be 486 but got 485. Note that transactions can't be queued when automining." source=console
time="2026-03-16T11:52:49+07:00" level=error msg="ECDSA TPS [VU5 iter50]: 500 - Blockchain execution failed: Nonce too low. Expected nonce to be 486 but got 485. Note that transactions can't be queued when automining." source=console
time="2026-03-16T11:52:49+07:00" level=error msg="ECDSA TPS [VU0 iter52]: 500 - Blockchain execution failed: Internal error" source=console
time="2026-03-16T11:52:49+07:00" level=error msg="ECDSA TPS [VU6 iter51]: 500 - Blockchain execution failed: Nonce too low. Expected nonce to be 487 but got 486. Note that transactions can't be queued when automining." source=console
time="2026-03-16T11:52:49+07:00" level=error msg="ECDSA TPS [VU3 iter51]: 500 - Blockchain execution failed: Nonce too low. Expected nonce to be 487 but got 486. Note that transactions can't be queued when automining." source=console
time="2026-03-16T11:52:49+07:00" level=error msg="ECDSA TPS [VU2 iter51]: 500 - Blockchain execution failed: Nonce too low. Expected nonce to be 487 but got 486. Note that transactions can't be queued when automining." source=console
time="2026-03-16T11:52:49+07:00" level=error msg="ECDSA TPS [VU7 iter75]: 500 - Blockchain execution failed: Internal error" source=console

running (0h00m11.0s), 10/30 VUs, 541 complete and 0 interrupted iterations
ecdsa_throughput    [  54% ] 10 VUs   00m10.9s/30m0s  0541/1010 iters, 101 per VU
mldsa_throughput  • [   0% ] waiting  14m49.1s       
hybrid_throughput • [   0% ] waiting  29m49.1s       
time="2026-03-16T11:52:49+07:00" level=error msg="ECDSA TPS [VU0 iter53]: 500 - Blockchain execution failed: Internal error" source=console
time="2026-03-16T11:52:49+07:00" level=error msg="ECDSA TPS [VU5 iter51]: 500 - Blockchain execution failed: Nonce too low. Expected nonce to be 489 but got 488. Note that transactions can't be queued when automining." source=console
time="2026-03-16T11:52:49+07:00" level=error msg="ECDSA TPS [VU4 iter51]: 500 - Blockchain execution failed: Nonce too low. Expected nonce to be 489 but got 488. Note that transactions can't be queued when automining." source=console
time="2026-03-16T11:52:49+07:00" level=error msg="ECDSA TPS [VU7 iter76]: 500 - Blockchain execution failed: Internal error" source=console
time="2026-03-16T11:52:49+07:00" level=error msg="ECDSA TPS [VU8 iter51]: 500 - Blockchain execution failed: Nonce too low. Expected nonce to be 490 but got 489. Note that transactions can't be queued when automining." source=console
time="2026-03-16T11:52:49+07:00" level=error msg="ECDSA TPS [VU2 iter52]: 500 - Blockchain execution failed: Nonce too low. Expected nonce to be 490 but got 489. Note that transactions can't be queued when automining." source=console
time="2026-03-16T11:52:49+07:00" level=error msg="ECDSA TPS [VU3 iter52]: 500 - Blockchain execution failed: Nonce too low. Expected nonce to be 490 but got 489. Note that transactions can't be queued when automining." source=console
time="2026-03-16T11:52:49+07:00" level=error msg="ECDSA TPS [VU0 iter53]: 500 - Blockchain execution failed: Nonce too low. Expected nonce to be 491 but got 490. Note that transactions can't be queued when automining." source=console
time="2026-03-16T11:52:49+07:00" level=error msg="ECDSA TPS [VU4 iter52]: 500 - Blockchain execution failed: Nonce too low. Expected nonce to be 492 but got 491. Note that transactions can't be queued when automining." source=console
time="2026-03-16T11:52:49+07:00" level=error msg="ECDSA TPS [VU1 iter52]: 500 - Blockchain execution failed: Nonce too low. Expected nonce to be 492 but got 491. Note that transactions can't be queued when automining." source=console
time="2026-03-16T11:52:49+07:00" level=error msg="ECDSA TPS [VU7 iter77]: 500 - Blockchain execution failed: Internal error" source=console
time="2026-03-16T11:52:49+07:00" level=error msg="ECDSA TPS [VU3 iter53]: 500 - Blockchain execution failed: Nonce too low. Expected nonce to be 493 but got 492. Note that transactions can't be queued when automining." source=console
time="2026-03-16T11:52:49+07:00" level=error msg="ECDSA TPS [VU2 iter53]: 500 - Blockchain execution failed: Nonce too low. Expected nonce to be 493 but got 492. Note that transactions can't be queued when automining." source=console
time="2026-03-16T11:52:49+07:00" level=error msg="ECDSA TPS [VU7 iter78]: 500 - Blockchain execution failed: Internal error" source=console
time="2026-03-16T11:52:49+07:00" level=error msg="ECDSA TPS [VU0 iter55]: 500 - Blockchain execution failed: Nonce too low. Expected nonce to be 495 but got 494. Note that transactions can't be queued when automining." source=console
time="2026-03-16T11:52:49+07:00" level=error msg="ECDSA TPS [VU4 iter53]: 500 - Blockchain execution failed: Nonce too low. Expected nonce to be 495 but got 494. Note that transactions can't be queued when automining." source=console
time="2026-03-16T11:52:49+07:00" level=error msg="ECDSA TPS [VU1 iter53]: 500 - Blockchain execution failed: Nonce too low. Expected nonce to be 496 but got 495. Note that transactions can't be queued when automining." source=console
time="2026-03-16T11:52:49+07:00" level=error msg="ECDSA TPS [VU2 iter54]: 500 - Blockchain execution failed: Nonce too low. Expected nonce to be 497 but got 496. Note that transactions can't be queued when automining." source=console
time="2026-03-16T11:52:49+07:00" level=error msg="ECDSA TPS [VU8 iter53]: 500 - Blockchain execution failed: Nonce too low. Expected nonce to be 497 but got 496. Note that transactions can't be queued when automining." source=console
time="2026-03-16T11:52:49+07:00" level=error msg="ECDSA TPS [VU7 iter79]: 500 - Blockchain execution failed: Internal error" source=console
time="2026-03-16T11:52:49+07:00" level=error msg="ECDSA TPS [VU4 iter54]: 500 - Blockchain execution failed: Nonce too low. Expected nonce to be 499 but got 498. Note that transactions can't be queued when automining." source=console
time="2026-03-16T11:52:49+07:00" level=error msg="ECDSA TPS [VU0 iter55]: 500 - Blockchain execution failed: Nonce too low. Expected nonce to be 499 but got 498. Note that transactions can't be queued when automining." source=console
time="2026-03-16T11:52:49+07:00" level=error msg="ECDSA TPS [VU5 iter54]: 500 - Blockchain execution failed: Nonce too low. Expected nonce to be 500 but got 499. Note that transactions can't be queued when automining." source=console
time="2026-03-16T11:52:49+07:00" level=error msg="ECDSA TPS [VU7 iter80]: 500 - Blockchain execution failed: Internal error" source=console
time="2026-03-16T11:52:49+07:00" level=error msg="ECDSA TPS [VU8 iter54]: 500 - Blockchain execution failed: Nonce too low. Expected nonce to be 501 but got 500. Note that transactions can't be queued when automining." source=console
time="2026-03-16T11:52:49+07:00" level=error msg="ECDSA TPS [VU3 iter55]: 500 - Blockchain execution failed: Nonce too low. Expected nonce to be 501 but got 500. Note that transactions can't be queued when automining." source=console
time="2026-03-16T11:52:50+07:00" level=error msg="ECDSA TPS [VU7 iter81]: 500 - Blockchain execution failed: Internal error" source=console
time="2026-03-16T11:52:50+07:00" level=error msg="ECDSA TPS [VU0 iter56]: 500 - Blockchain execution failed: Nonce too low. Expected nonce to be 503 but got 502. Note that transactions can't be queued when automining." source=console
time="2026-03-16T11:52:50+07:00" level=error msg="ECDSA TPS [VU0 iter57]: 500 - Blockchain execution failed: Nonce too low. Expected nonce to be 503 but got 502. Note that transactions can't be queued when automining." source=console
time="2026-03-16T11:52:50+07:00" level=error msg="ECDSA TPS [VU1 iter55]: 500 - Blockchain execution failed: Nonce too low. Expected nonce to be 504 but got 503. Note that transactions can't be queued when automining." source=console
time="2026-03-16T11:52:50+07:00" level=error msg="ECDSA TPS [VU3 iter56]: 500 - Blockchain execution failed: Nonce too low. Expected nonce to be 505 but got 504. Note that transactions can't be queued when automining." source=console
time="2026-03-16T11:52:50+07:00" level=error msg="ECDSA TPS [VU7 iter82]: 500 - Blockchain execution failed: Internal error" source=console
time="2026-03-16T11:52:50+07:00" level=error msg="ECDSA TPS [VU6 iter56]: 500 - Blockchain execution failed: Nonce too low. Expected nonce to be 507 but got 506. Note that transactions can't be queued when automining." source=console

running (0h00m12.0s), 10/30 VUs, 593 complete and 0 interrupted iterations
ecdsa_throughput    [  59% ] 10 VUs   00m11.9s/30m0s  0593/1010 iters, 101 per VU
mldsa_throughput  • [   0% ] waiting  14m48.1s       
hybrid_throughput • [   0% ] waiting  29m48.1s       
time="2026-03-16T11:52:50+07:00" level=error msg="ECDSA TPS [VU0 iter58]: 500 - Blockchain execution failed: Nonce too low. Expected nonce to be 507 but got 506. Note that transactions can't be queued when automining." source=console
time="2026-03-16T11:52:50+07:00" level=error msg="ECDSA TPS [VU4 iter56]: 500 - Blockchain execution failed: Nonce too low. Expected nonce to be 507 but got 506. Note that transactions can't be queued when automining." source=console
time="2026-03-16T11:52:50+07:00" level=error msg="ECDSA TPS [VU7 iter83]: 500 - Blockchain execution failed: Internal error" source=console
time="2026-03-16T11:52:50+07:00" level=error msg="ECDSA TPS [VU5 iter56]: 500 - Blockchain execution failed: Nonce too low. Expected nonce to be 508 but got 507. Note that transactions can't be queued when automining." source=console
time="2026-03-16T11:52:50+07:00" level=error msg="ECDSA TPS [VU8 iter56]: 500 - Blockchain execution failed: Nonce too low. Expected nonce to be 509 but got 508. Note that transactions can't be queued when automining." source=console
time="2026-03-16T11:52:50+07:00" level=error msg="ECDSA TPS [VU0 iter59]: 500 - Blockchain execution failed: Nonce too low. Expected nonce to be 511 but got 510. Note that transactions can't be queued when automining." source=console
time="2026-03-16T11:52:50+07:00" level=error msg="ECDSA TPS [VU7 iter84]: 500 - Blockchain execution failed: Internal error" source=console
time="2026-03-16T11:52:50+07:00" level=error msg="ECDSA TPS [VU0 iter58]: 500 - Blockchain execution failed: Nonce too low. Expected nonce to be 511 but got 510. Note that transactions can't be queued when automining." source=console
time="2026-03-16T11:52:50+07:00" level=error msg="ECDSA TPS [VU4 iter57]: 500 - Blockchain execution failed: Nonce too low. Expected nonce to be 511 but got 510. Note that transactions can't be queued when automining." source=console
time="2026-03-16T11:52:50+07:00" level=error msg="ECDSA TPS [VU1 iter57]: 500 - Blockchain execution failed: Nonce too low. Expected nonce to be 512 but got 511. Note that transactions can't be queued when automining." source=console
time="2026-03-16T11:52:50+07:00" level=error msg="ECDSA TPS [VU3 iter58]: 500 - Blockchain execution failed: Nonce too low. Expected nonce to be 513 but got 512. Note that transactions can't be queued when automining." source=console
time="2026-03-16T11:52:50+07:00" level=error msg="ECDSA TPS [VU7 iter85]: 500 - Blockchain execution failed: Internal error" source=console
time="2026-03-16T11:52:50+07:00" level=error msg="ECDSA TPS [VU2 iter58]: 500 - Blockchain execution failed: Nonce too low. Expected nonce to be 514 but got 513. Note that transactions can't be queued when automining." source=console
time="2026-03-16T11:52:50+07:00" level=error msg="ECDSA TPS [VU0 iter59]: 500 - Blockchain execution failed: Nonce too low. Expected nonce to be 514 but got 513. Note that transactions can't be queued when automining." source=console
time="2026-03-16T11:52:50+07:00" level=error msg="ECDSA TPS [VU6 iter58]: 500 - Blockchain execution failed: Nonce too low. Expected nonce to be 514 but got 513. Note that transactions can't be queued when automining." source=console
time="2026-03-16T11:52:50+07:00" level=error msg="ECDSA TPS [VU4 iter58]: 500 - Blockchain execution failed: Nonce too low. Expected nonce to be 514 but got 513. Note that transactions can't be queued when automining." source=console
time="2026-03-16T11:52:50+07:00" level=error msg="ECDSA TPS [VU7 iter86]: 500 - Blockchain execution failed: Internal error" source=console
time="2026-03-16T11:52:50+07:00" level=error msg="ECDSA TPS [VU5 iter58]: 500 - Blockchain execution failed: Nonce too low. Expected nonce to be 515 but got 514. Note that transactions can't be queued when automining." source=console
time="2026-03-16T11:52:50+07:00" level=error msg="ECDSA TPS [VU3 iter59]: 500 - Blockchain execution failed: Nonce too low. Expected nonce to be 516 but got 515. Note that transactions can't be queued when automining." source=console
time="2026-03-16T11:52:50+07:00" level=error msg="ECDSA TPS [VU0 iter61]: 500 - Blockchain execution failed: Nonce too low. Expected nonce to be 517 but got 516. Note that transactions can't be queued when automining." source=console
time="2026-03-16T11:52:50+07:00" level=error msg="ECDSA TPS [VU6 iter59]: 500 - Blockchain execution failed: Nonce too low. Expected nonce to be 517 but got 516. Note that transactions can't be queued when automining." source=console
time="2026-03-16T11:52:50+07:00" level=error msg="ECDSA TPS [VU0 iter60]: 500 - Blockchain execution failed: Nonce too low. Expected nonce to be 517 but got 516. Note that transactions can't be queued when automining." source=console
time="2026-03-16T11:52:50+07:00" level=error msg="ECDSA TPS [VU2 iter59]: 500 - Blockchain execution failed: Nonce too low. Expected nonce to be 517 but got 516. Note that transactions can't be queued when automining." source=console
time="2026-03-16T11:52:50+07:00" level=error msg="ECDSA TPS [VU7 iter87]: 500 - Blockchain execution failed: Internal error" source=console
time="2026-03-16T11:52:50+07:00" level=error msg="ECDSA TPS [VU1 iter59]: 500 - Blockchain execution failed: Nonce too low. Expected nonce to be 518 but got 517. Note that transactions can't be queued when automining." source=console
time="2026-03-16T11:52:50+07:00" level=error msg="ECDSA TPS [VU7 iter88]: 500 - Blockchain execution failed: Internal error" source=console
time="2026-03-16T11:52:50+07:00" level=error msg="ECDSA TPS [VU8 iter59]: 500 - Blockchain execution failed: Nonce too low. Expected nonce to be 519 but got 518. Note that transactions can't be queued when automining." source=console
time="2026-03-16T11:52:50+07:00" level=error msg="ECDSA TPS [VU0 iter62]: 500 - Blockchain execution failed: Nonce too low. Expected nonce to be 520 but got 519. Note that transactions can't be queued when automining." source=console
time="2026-03-16T11:52:50+07:00" level=error msg="ECDSA TPS [VU6 iter60]: 500 - Blockchain execution failed: Nonce too low. Expected nonce to be 520 but got 519. Note that transactions can't be queued when automining." source=console
time="2026-03-16T11:52:50+07:00" level=error msg="ECDSA TPS [VU4 iter60]: 500 - Blockchain execution failed: Nonce too low. Expected nonce to be 520 but got 519. Note that transactions can't be queued when automining." source=console
time="2026-03-16T11:52:50+07:00" level=error msg="ECDSA TPS [VU2 iter60]: 500 - Blockchain execution failed: Nonce too low. Expected nonce to be 520 but got 519. Note that transactions can't be queued when automining." source=console
time="2026-03-16T11:52:51+07:00" level=error msg="ECDSA TPS [VU1 iter60]: 500 - Blockchain execution failed: Nonce too low. Expected nonce to be 521 but got 520. Note that transactions can't be queued when automining." source=console
time="2026-03-16T11:52:51+07:00" level=error msg="ECDSA TPS [VU7 iter89]: 500 - Blockchain execution failed: Internal error" source=console
time="2026-03-16T11:52:51+07:00" level=error msg="ECDSA TPS [VU8 iter60]: 500 - Blockchain execution failed: Nonce too low. Expected nonce to be 522 but got 521. Note that transactions can't be queued when automining." source=console
time="2026-03-16T11:52:51+07:00" level=error msg="ECDSA TPS [VU6 iter61]: 500 - Blockchain execution failed: Nonce too low. Expected nonce to be 522 but got 521. Note that transactions can't be queued when automining." source=console
time="2026-03-16T11:52:51+07:00" level=error msg="ECDSA TPS [VU0 iter63]: 500 - Blockchain execution failed: Nonce too low. Expected nonce to be 522 but got 521. Note that transactions can't be queued when automining." source=console
time="2026-03-16T11:52:51+07:00" level=error msg="ECDSA TPS [VU4 iter61]: 500 - Blockchain execution failed: Nonce too low. Expected nonce to be 522 but got 521. Note that transactions can't be queued when automining." source=console
time="2026-03-16T11:52:51+07:00" level=error msg="ECDSA TPS [VU0 iter62]: 500 - Blockchain execution failed: Nonce too low. Expected nonce to be 523 but got 522. Note that transactions can't be queued when automining." source=console
time="2026-03-16T11:52:51+07:00" level=error msg="ECDSA TPS [VU7 iter90]: 500 - Blockchain execution failed: Internal error" source=console

running (0h00m13.0s), 10/30 VUs, 650 complete and 0 interrupted iterations
ecdsa_throughput    [  64% ] 10 VUs   00m12.9s/30m0s  0650/1010 iters, 101 per VU
mldsa_throughput  • [   0% ] waiting  14m47.1s       
hybrid_throughput • [   0% ] waiting  29m47.1s       
time="2026-03-16T11:52:51+07:00" level=error msg="ECDSA TPS [VU6 iter62]: 500 - Blockchain execution failed: Nonce too low. Expected nonce to be 526 but got 525. Note that transactions can't be queued when automining." source=console
time="2026-03-16T11:52:51+07:00" level=error msg="ECDSA TPS [VU0 iter64]: 500 - Blockchain execution failed: Nonce too low. Expected nonce to be 526 but got 525. Note that transactions can't be queued when automining." source=console
time="2026-03-16T11:52:51+07:00" level=error msg="ECDSA TPS [VU7 iter91]: 500 - Blockchain execution failed: Internal error" source=console
time="2026-03-16T11:52:51+07:00" level=error msg="ECDSA TPS [VU3 iter62]: 500 - Blockchain execution failed: Nonce too low. Expected nonce to be 526 but got 525. Note that transactions can't be queued when automining." source=console
time="2026-03-16T11:52:51+07:00" level=error msg="ECDSA TPS [VU4 iter62]: 500 - Blockchain execution failed: Nonce too low. Expected nonce to be 526 but got 525. Note that transactions can't be queued when automining." source=console
time="2026-03-16T11:52:51+07:00" level=error msg="ECDSA TPS [VU2 iter62]: 500 - Blockchain execution failed: Nonce too low. Expected nonce to be 527 but got 526. Note that transactions can't be queued when automining." source=console
time="2026-03-16T11:52:51+07:00" level=error msg="ECDSA TPS [VU7 iter92]: 500 - Blockchain execution failed: Internal error" source=console
time="2026-03-16T11:52:51+07:00" level=error msg="ECDSA TPS [VU6 iter63]: 500 - Blockchain execution failed: Nonce too low. Expected nonce to be 529 but got 528. Note that transactions can't be queued when automining." source=console
time="2026-03-16T11:52:51+07:00" level=error msg="ECDSA TPS [VU0 iter65]: 500 - Blockchain execution failed: Nonce too low. Expected nonce to be 529 but got 528. Note that transactions can't be queued when automining." source=console
time="2026-03-16T11:52:51+07:00" level=error msg="ECDSA TPS [VU4 iter63]: 500 - Blockchain execution failed: Nonce too low. Expected nonce to be 530 but got 529. Note that transactions can't be queued when automining." source=console
time="2026-03-16T11:52:51+07:00" level=error msg="ECDSA TPS [VU8 iter62]: 500 - Blockchain execution failed: Nonce too low. Expected nonce to be 530 but got 529. Note that transactions can't be queued when automining." source=console
time="2026-03-16T11:52:51+07:00" level=error msg="ECDSA TPS [VU2 iter63]: 500 - Blockchain execution failed: Nonce too low. Expected nonce to be 530 but got 529. Note that transactions can't be queued when automining." source=console
time="2026-03-16T11:52:51+07:00" level=error msg="ECDSA TPS [VU7 iter93]: 500 - Blockchain execution failed: Internal error" source=console
time="2026-03-16T11:52:51+07:00" level=error msg="ECDSA TPS [VU0 iter66]: 500 - Blockchain execution failed: Internal error" source=console
time="2026-03-16T11:52:51+07:00" level=error msg="ECDSA TPS [VU6 iter64]: 500 - Blockchain execution failed: Nonce too low. Expected nonce to be 532 but got 531. Note that transactions can't be queued when automining." source=console
time="2026-03-16T11:52:51+07:00" level=error msg="ECDSA TPS [VU4 iter64]: 500 - Blockchain execution failed: Nonce too low. Expected nonce to be 533 but got 532. Note that transactions can't be queued when automining." source=console
time="2026-03-16T11:52:51+07:00" level=error msg="ECDSA TPS [VU8 iter63]: 500 - Blockchain execution failed: Nonce too low. Expected nonce to be 533 but got 532. Note that transactions can't be queued when automining." source=console
time="2026-03-16T11:52:51+07:00" level=error msg="ECDSA TPS [VU7 iter94]: 500 - Blockchain execution failed: Internal error" source=console
time="2026-03-16T11:52:51+07:00" level=error msg="ECDSA TPS [VU2 iter64]: 500 - Blockchain execution failed: Nonce too low. Expected nonce to be 534 but got 533. Note that transactions can't be queued when automining." source=console
time="2026-03-16T11:52:51+07:00" level=error msg="ECDSA TPS [VU0 iter67]: 500 - Blockchain execution failed: Internal error" source=console
time="2026-03-16T11:52:51+07:00" level=error msg="ECDSA TPS [VU7 iter95]: 500 - Blockchain execution failed: Internal error" source=console
time="2026-03-16T11:52:51+07:00" level=error msg="ECDSA TPS [VU1 iter64]: 500 - Blockchain execution failed: Nonce too low. Expected nonce to be 536 but got 535. Note that transactions can't be queued when automining." source=console
time="2026-03-16T11:52:51+07:00" level=error msg="ECDSA TPS [VU8 iter64]: 500 - Blockchain execution failed: Nonce too low. Expected nonce to be 536 but got 535. Note that transactions can't be queued when automining." source=console
time="2026-03-16T11:52:51+07:00" level=error msg="ECDSA TPS [VU2 iter65]: 500 - Blockchain execution failed: Nonce too low. Expected nonce to be 537 but got 536. Note that transactions can't be queued when automining." source=console
time="2026-03-16T11:52:51+07:00" level=error msg="ECDSA TPS [VU5 iter64]: 500 - Blockchain execution failed: Nonce too low. Expected nonce to be 537 but got 536. Note that transactions can't be queued when automining." source=console
time="2026-03-16T11:52:51+07:00" level=error msg="ECDSA TPS [VU0 iter68]: 500 - Blockchain execution failed: Nonce too low. Expected nonce to be 538 but got 537. Note that transactions can't be queued when automining." source=console
time="2026-03-16T11:52:51+07:00" level=error msg="ECDSA TPS [VU7 iter96]: 500 - Blockchain execution failed: Internal error" source=console
time="2026-03-16T11:52:52+07:00" level=error msg="ECDSA TPS [VU8 iter65]: 500 - Blockchain execution failed: Nonce too low. Expected nonce to be 540 but got 539. Note that transactions can't be queued when automining." source=console
time="2026-03-16T11:52:52+07:00" level=error msg="ECDSA TPS [VU6 iter66]: 500 - Blockchain execution failed: Nonce too low. Expected nonce to be 540 but got 539. Note that transactions can't be queued when automining." source=console
time="2026-03-16T11:52:52+07:00" level=error msg="ECDSA TPS [VU5 iter65]: 500 - Blockchain execution failed: Nonce too low. Expected nonce to be 541 but got 540. Note that transactions can't be queued when automining." source=console
time="2026-03-16T11:52:52+07:00" level=error msg="ECDSA TPS [VU4 iter66]: 500 - Blockchain execution failed: Nonce too low. Expected nonce to be 541 but got 540. Note that transactions can't be queued when automining." source=console
time="2026-03-16T11:52:52+07:00" level=error msg="ECDSA TPS [VU7 iter97]: 500 - Blockchain execution failed: Internal error" source=console
time="2026-03-16T11:52:52+07:00" level=error msg="ECDSA TPS [VU3 iter66]: 500 - Blockchain execution failed: Nonce too low. Expected nonce to be 542 but got 541. Note that transactions can't be queued when automining." source=console
time="2026-03-16T11:52:52+07:00" level=error msg="ECDSA TPS [VU0 iter67]: 500 - Blockchain execution failed: Internal error" source=console

running (0h00m14.0s), 10/30 VUs, 702 complete and 0 interrupted iterations
ecdsa_throughput    [  70% ] 10 VUs   00m13.9s/30m0s  0702/1010 iters, 101 per VU
mldsa_throughput  • [   0% ] waiting  14m46.1s       
hybrid_throughput • [   0% ] waiting  29m46.1s       
time="2026-03-16T11:52:52+07:00" level=error msg="ECDSA TPS [VU6 iter67]: 500 - Blockchain execution failed: Nonce too low. Expected nonce to be 543 but got 542. Note that transactions can't be queued when automining." source=console
time="2026-03-16T11:52:52+07:00" level=error msg="ECDSA TPS [VU7 iter98]: 500 - Blockchain execution failed: Internal error" source=console
time="2026-03-16T11:52:52+07:00" level=error msg="ECDSA TPS [VU5 iter66]: 500 - Blockchain execution failed: Nonce too low. Expected nonce to be 543 but got 542. Note that transactions can't be queued when automining." source=console
time="2026-03-16T11:52:52+07:00" level=error msg="ECDSA TPS [VU4 iter67]: 500 - Blockchain execution failed: Nonce too low. Expected nonce to be 544 but got 543. Note that transactions can't be queued when automining." source=console
time="2026-03-16T11:52:52+07:00" level=error msg="ECDSA TPS [VU3 iter67]: 500 - Blockchain execution failed: Nonce too low. Expected nonce to be 545 but got 544. Note that transactions can't be queued when automining." source=console
time="2026-03-16T11:52:52+07:00" level=error msg="ECDSA TPS [VU0 iter68]: 500 - Blockchain execution failed: Nonce too low. Expected nonce to be 545 but got 544. Note that transactions can't be queued when automining." source=console
time="2026-03-16T11:52:52+07:00" level=error msg="ECDSA TPS [VU7 iter99]: 500 - Blockchain execution failed: Internal error" source=console
time="2026-03-16T11:52:52+07:00" level=error msg="ECDSA TPS [VU5 iter67]: 500 - Blockchain execution failed: Nonce too low. Expected nonce to be 547 but got 546. Note that transactions can't be queued when automining." source=console
time="2026-03-16T11:52:52+07:00" level=error msg="ECDSA TPS [VU8 iter67]: 500 - Blockchain execution failed: Nonce too low. Expected nonce to be 547 but got 546. Note that transactions can't be queued when automining." source=console
time="2026-03-16T11:52:52+07:00" level=error msg="ECDSA TPS [VU1 iter67]: 500 - Blockchain execution failed: Nonce too low. Expected nonce to be 548 but got 547. Note that transactions can't be queued when automining." source=console
time="2026-03-16T11:52:52+07:00" level=error msg="ECDSA TPS [VU0 iter69]: 500 - Blockchain execution failed: Nonce too low. Expected nonce to be 549 but got 548. Note that transactions can't be queued when automining." source=console
time="2026-03-16T11:52:52+07:00" level=error msg="ECDSA TPS [VU7 iter100]: 500 - Blockchain execution failed: Internal error" source=console
time="2026-03-16T11:52:52+07:00" level=error msg="ECDSA TPS [VU2 iter68]: 500 - Blockchain execution failed: Nonce too low. Expected nonce to be 549 but got 548. Note that transactions can't be queued when automining." source=console
time="2026-03-16T11:52:52+07:00" level=error msg="ECDSA TPS [VU8 iter68]: 500 - Blockchain execution failed: Nonce too low. Expected nonce to be 551 but got 550. Note that transactions can't be queued when automining." source=console
time="2026-03-16T11:52:52+07:00" level=error msg="ECDSA TPS [VU6 iter69]: 500 - Blockchain execution failed: Nonce too low. Expected nonce to be 551 but got 550. Note that transactions can't be queued when automining." source=console
time="2026-03-16T11:52:52+07:00" level=error msg="ECDSA TPS [VU0 iter70]: 500 - Blockchain execution failed: Internal error" source=console
time="2026-03-16T11:52:52+07:00" level=error msg="ECDSA TPS [VU2 iter69]: 500 - Blockchain execution failed: Nonce too low. Expected nonce to be 553 but got 552. Note that transactions can't be queued when automining." source=console
time="2026-03-16T11:52:52+07:00" level=error msg="ECDSA TPS [VU0 iter71]: 500 - Blockchain execution failed: Internal error" source=console
time="2026-03-16T11:52:52+07:00" level=error msg="ECDSA TPS [VU6 iter70]: 500 - Blockchain execution failed: Nonce too low. Expected nonce to be 556 but got 555. Note that transactions can't be queued when automining." source=console
time="2026-03-16T11:52:52+07:00" level=error msg="ECDSA TPS [VU5 iter69]: 500 - Blockchain execution failed: Nonce too low. Expected nonce to be 556 but got 555. Note that transactions can't be queued when automining." source=console
time="2026-03-16T11:52:52+07:00" level=error msg="ECDSA TPS [VU2 iter70]: 500 - Blockchain execution failed: Nonce too low. Expected nonce to be 557 but got 556. Note that transactions can't be queued when automining." source=console
time="2026-03-16T11:52:52+07:00" level=error msg="ECDSA TPS [VU0 iter72]: 500 - Blockchain execution failed: Nonce too low. Expected nonce to be 559 but got 558. Note that transactions can't be queued when automining." source=console
time="2026-03-16T11:52:52+07:00" level=error msg="ECDSA TPS [VU6 iter71]: 500 - Blockchain execution failed: Nonce too low. Expected nonce to be 560 but got 559. Note that transactions can't be queued when automining." source=console
time="2026-03-16T11:52:52+07:00" level=error msg="ECDSA TPS [VU8 iter70]: 500 - Blockchain execution failed: Nonce too low. Expected nonce to be 561 but got 560. Note that transactions can't be queued when automining." source=console
time="2026-03-16T11:52:53+07:00" level=error msg="ECDSA TPS [VU1 iter70]: 500 - Blockchain execution failed: Nonce too low. Expected nonce to be 562 but got 561. Note that transactions can't be queued when automining." source=console
time="2026-03-16T11:52:53+07:00" level=error msg="ECDSA TPS [VU3 iter71]: 500 - Blockchain execution failed: Nonce too low. Expected nonce to be 563 but got 562. Note that transactions can't be queued when automining." source=console
time="2026-03-16T11:52:53+07:00" level=error msg="ECDSA TPS [VU0 iter74]: 500 - Blockchain execution failed: Internal error" source=console
time="2026-03-16T11:52:53+07:00" level=error msg="ECDSA TPS [VU1 iter71]: 500 - Blockchain execution failed: Nonce too low. Expected nonce to be 567 but got 566. Note that transactions can't be queued when automining." source=console

running (0h00m15.0s), 09/30 VUs, 755 complete and 0 interrupted iterations
ecdsa_throughput    [  75% ] 10 VUs   00m14.9s/30m0s  0755/1010 iters, 101 per VU
mldsa_throughput  • [   0% ] waiting  14m45.1s       
hybrid_throughput • [   0% ] waiting  29m45.1s       
time="2026-03-16T11:52:53+07:00" level=error msg="ECDSA TPS [VU4 iter72]: 500 - Blockchain execution failed: Nonce too low. Expected nonce to be 569 but got 568. Note that transactions can't be queued when automining." source=console
time="2026-03-16T11:52:53+07:00" level=error msg="ECDSA TPS [VU0 iter75]: 500 - Blockchain execution failed: Nonce too low. Expected nonce to be 569 but got 568. Note that transactions can't be queued when automining." source=console
time="2026-03-16T11:52:53+07:00" level=error msg="ECDSA TPS [VU1 iter72]: 500 - Blockchain execution failed: Nonce too low. Expected nonce to be 572 but got 571. Note that transactions can't be queued when automining." source=console
time="2026-03-16T11:52:53+07:00" level=error msg="ECDSA TPS [VU5 iter72]: 500 - Blockchain execution failed: Nonce too low. Expected nonce to be 572 but got 571. Note that transactions can't be queued when automining." source=console
time="2026-03-16T11:52:53+07:00" level=error msg="ECDSA TPS [VU4 iter73]: 500 - Blockchain execution failed: Nonce too low. Expected nonce to be 573 but got 572. Note that transactions can't be queued when automining." source=console
time="2026-03-16T11:52:53+07:00" level=error msg="ECDSA TPS [VU3 iter73]: 500 - Blockchain execution failed: Nonce too low. Expected nonce to be 574 but got 573. Note that transactions can't be queued when automining." source=console
time="2026-03-16T11:52:53+07:00" level=error msg="ECDSA TPS [VU0 iter75]: 500 - Blockchain execution failed: Internal error" source=console
time="2026-03-16T11:52:53+07:00" level=error msg="ECDSA TPS [VU1 iter73]: 500 - Blockchain execution failed: Nonce too low. Expected nonce to be 576 but got 575. Note that transactions can't be queued when automining." source=console
time="2026-03-16T11:52:53+07:00" level=error msg="ECDSA TPS [VU8 iter73]: 500 - Blockchain execution failed: Nonce too low. Expected nonce to be 577 but got 576. Note that transactions can't be queued when automining." source=console
time="2026-03-16T11:52:53+07:00" level=error msg="ECDSA TPS [VU2 iter74]: 500 - Blockchain execution failed: Nonce too low. Expected nonce to be 578 but got 577. Note that transactions can't be queued when automining." source=console
time="2026-03-16T11:52:53+07:00" level=error msg="ECDSA TPS [VU3 iter74]: 500 - Blockchain execution failed: Nonce too low. Expected nonce to be 578 but got 577. Note that transactions can't be queued when automining." source=console
time="2026-03-16T11:52:53+07:00" level=error msg="ECDSA TPS [VU0 iter76]: 500 - Blockchain execution failed: Nonce too low. Expected nonce to be 579 but got 578. Note that transactions can't be queued when automining." source=console
time="2026-03-16T11:52:53+07:00" level=error msg="ECDSA TPS [VU6 iter75]: 500 - Blockchain execution failed: Nonce too low. Expected nonce to be 580 but got 579. Note that transactions can't be queued when automining." source=console
time="2026-03-16T11:52:53+07:00" level=error msg="ECDSA TPS [VU8 iter74]: 500 - Blockchain execution failed: Nonce too low. Expected nonce to be 580 but got 579. Note that transactions can't be queued when automining." source=console
time="2026-03-16T11:52:53+07:00" level=error msg="ECDSA TPS [VU2 iter75]: 500 - Blockchain execution failed: Nonce too low. Expected nonce to be 581 but got 580. Note that transactions can't be queued when automining." source=console
time="2026-03-16T11:52:53+07:00" level=error msg="ECDSA TPS [VU4 iter75]: 500 - Blockchain execution failed: Nonce too low. Expected nonce to be 582 but got 581. Note that transactions can't be queued when automining." source=console
time="2026-03-16T11:52:53+07:00" level=error msg="ECDSA TPS [VU0 iter78]: 500 - Blockchain execution failed: Nonce too low. Expected nonce to be 583 but got 582. Note that transactions can't be queued when automining." source=console
time="2026-03-16T11:52:53+07:00" level=error msg="ECDSA TPS [VU8 iter75]: 500 - Blockchain execution failed: Nonce too low. Expected nonce to be 584 but got 583. Note that transactions can't be queued when automining." source=console
time="2026-03-16T11:52:53+07:00" level=error msg="ECDSA TPS [VU1 iter75]: 500 - Blockchain execution failed: Nonce too low. Expected nonce to be 584 but got 583. Note that transactions can't be queued when automining." source=console
time="2026-03-16T11:52:53+07:00" level=error msg="ECDSA TPS [VU5 iter75]: 500 - Blockchain execution failed: Nonce too low. Expected nonce to be 585 but got 584. Note that transactions can't be queued when automining." source=console
time="2026-03-16T11:52:53+07:00" level=error msg="ECDSA TPS [VU4 iter76]: 500 - Blockchain execution failed: Nonce too low. Expected nonce to be 585 but got 584. Note that transactions can't be queued when automining." source=console
time="2026-03-16T11:52:53+07:00" level=error msg="ECDSA TPS [VU0 iter79]: 500 - Blockchain execution failed: Nonce too low. Expected nonce to be 586 but got 585. Note that transactions can't be queued when automining." source=console
time="2026-03-16T11:52:54+07:00" level=error msg="ECDSA TPS [VU1 iter76]: 500 - Blockchain execution failed: Nonce too low. Expected nonce to be 588 but got 587. Note that transactions can't be queued when automining." source=console
time="2026-03-16T11:52:54+07:00" level=error msg="ECDSA TPS [VU6 iter77]: 500 - Blockchain execution failed: Nonce too low. Expected nonce to be 588 but got 587. Note that transactions can't be queued when automining." source=console
time="2026-03-16T11:52:54+07:00" level=error msg="ECDSA TPS [VU2 iter77]: 500 - Blockchain execution failed: Nonce too low. Expected nonce to be 589 but got 588. Note that transactions can't be queued when automining." source=console
time="2026-03-16T11:52:54+07:00" level=error msg="ECDSA TPS [VU4 iter77]: 500 - Blockchain execution failed: Nonce too low. Expected nonce to be 589 but got 588. Note that transactions can't be queued when automining." source=console
time="2026-03-16T11:52:54+07:00" level=error msg="ECDSA TPS [VU3 iter77]: 500 - Blockchain execution failed: Nonce too low. Expected nonce to be 590 but got 589. Note that transactions can't be queued when automining." source=console
time="2026-03-16T11:52:54+07:00" level=error msg="ECDSA TPS [VU0 iter79]: 500 - Blockchain execution failed: Internal error" source=console
time="2026-03-16T11:52:54+07:00" level=error msg="ECDSA TPS [VU8 iter77]: 500 - Blockchain execution failed: Nonce too low. Expected nonce to be 592 but got 591. Note that transactions can't be queued when automining." source=console

running (0h00m16.0s), 09/30 VUs, 806 complete and 0 interrupted iterations
ecdsa_throughput    [  80% ] 10 VUs   00m15.9s/30m0s  0806/1010 iters, 101 per VU
mldsa_throughput  • [   0% ] waiting  14m44.1s       
hybrid_throughput • [   0% ] waiting  29m44.1s       
time="2026-03-16T11:52:54+07:00" level=error msg="ECDSA TPS [VU1 iter77]: 500 - Blockchain execution failed: Nonce too low. Expected nonce to be 592 but got 591. Note that transactions can't be queued when automining." source=console
time="2026-03-16T11:52:54+07:00" level=error msg="ECDSA TPS [VU4 iter78]: 500 - Blockchain execution failed: Nonce too low. Expected nonce to be 593 but got 592. Note that transactions can't be queued when automining." source=console
time="2026-03-16T11:52:54+07:00" level=error msg="ECDSA TPS [VU5 iter77]: 500 - Blockchain execution failed: Nonce too low. Expected nonce to be 593 but got 592. Note that transactions can't be queued when automining." source=console
time="2026-03-16T11:52:54+07:00" level=error msg="ECDSA TPS [VU0 iter81]: 500 - Blockchain execution failed: Nonce too low. Expected nonce to be 594 but got 593. Note that transactions can't be queued when automining." source=console
time="2026-03-16T11:52:54+07:00" level=error msg="ECDSA TPS [VU1 iter78]: 500 - Blockchain execution failed: Nonce too low. Expected nonce to be 596 but got 595. Note that transactions can't be queued when automining." source=console
time="2026-03-16T11:52:54+07:00" level=error msg="ECDSA TPS [VU5 iter78]: 500 - Blockchain execution failed: Nonce too low. Expected nonce to be 598 but got 597. Note that transactions can't be queued when automining." source=console
time="2026-03-16T11:52:54+07:00" level=error msg="ECDSA TPS [VU2 iter79]: 500 - Blockchain execution failed: Nonce too low. Expected nonce to be 598 but got 597. Note that transactions can't be queued when automining." source=console
time="2026-03-16T11:52:54+07:00" level=error msg="ECDSA TPS [VU3 iter79]: 500 - Blockchain execution failed: Nonce too low. Expected nonce to be 599 but got 598. Note that transactions can't be queued when automining." source=console
time="2026-03-16T11:52:54+07:00" level=error msg="ECDSA TPS [VU0 iter81]: 500 - Blockchain execution failed: Internal error" source=console
time="2026-03-16T11:52:54+07:00" level=error msg="ECDSA TPS [VU1 iter79]: 500 - Blockchain execution failed: Nonce too low. Expected nonce to be 601 but got 600. Note that transactions can't be queued when automining." source=console
time="2026-03-16T11:52:54+07:00" level=error msg="ECDSA TPS [VU5 iter79]: 500 - Blockchain execution failed: Nonce too low. Expected nonce to be 602 but got 601. Note that transactions can't be queued when automining." source=console
time="2026-03-16T11:52:54+07:00" level=error msg="ECDSA TPS [VU2 iter80]: 500 - Blockchain execution failed: Nonce too low. Expected nonce to be 603 but got 602. Note that transactions can't be queued when automining." source=console
time="2026-03-16T11:52:54+07:00" level=error msg="ECDSA TPS [VU0 iter83]: 500 - Blockchain execution failed: Nonce too low. Expected nonce to be 604 but got 603. Note that transactions can't be queued when automining." source=console
time="2026-03-16T11:52:55+07:00" level=error msg="ECDSA TPS [VU8 iter80]: 500 - Blockchain execution failed: Nonce too low. Expected nonce to be 606 but got 605. Note that transactions can't be queued when automining." source=console
time="2026-03-16T11:52:55+07:00" level=error msg="ECDSA TPS [VU6 iter81]: 500 - Blockchain execution failed: Nonce too low. Expected nonce to be 607 but got 606. Note that transactions can't be queued when automining." source=console
time="2026-03-16T11:52:55+07:00" level=error msg="ECDSA TPS [VU4 iter81]: 500 - Blockchain execution failed: Nonce too low. Expected nonce to be 608 but got 607. Note that transactions can't be queued when automining." source=console
time="2026-03-16T11:52:55+07:00" level=error msg="ECDSA TPS [VU0 iter84]: 500 - Blockchain execution failed: Nonce too low. Expected nonce to be 609 but got 608. Note that transactions can't be queued when automining." source=console

running (0h00m17.0s), 09/30 VUs, 840 complete and 0 interrupted iterations
ecdsa_throughput    [  83% ] 10 VUs   00m16.9s/30m0s  0840/1010 iters, 101 per VU
mldsa_throughput  • [   0% ] waiting  14m43.1s       
hybrid_throughput • [   0% ] waiting  29m43.1s       
time="2026-03-16T11:52:55+07:00" level=error msg="ECDSA TPS [VU8 iter81]: 500 - Blockchain execution failed: Nonce too low. Expected nonce to be 610 but got 609. Note that transactions can't be queued when automining." source=console
time="2026-03-16T11:52:55+07:00" level=error msg="ECDSA TPS [VU6 iter82]: 500 - Blockchain execution failed: Nonce too low. Expected nonce to be 612 but got 611. Note that transactions can't be queued when automining." source=console
time="2026-03-16T11:52:55+07:00" level=error msg="ECDSA TPS [VU0 iter85]: 500 - Blockchain execution failed: Internal error" source=console
time="2026-03-16T11:52:55+07:00" level=error msg="ECDSA TPS [VU2 iter82]: 500 - Blockchain execution failed: Nonce too low. Expected nonce to be 613 but got 612. Note that transactions can't be queued when automining." source=console
time="2026-03-16T11:52:55+07:00" level=error msg="ECDSA TPS [VU8 iter82]: 500 - Blockchain execution failed: Nonce too low. Expected nonce to be 614 but got 613. Note that transactions can't be queued when automining." source=console
time="2026-03-16T11:52:55+07:00" level=error msg="ECDSA TPS [VU0 iter86]: 500 - Blockchain execution failed: Internal error" source=console
time="2026-03-16T11:52:55+07:00" level=error msg="ECDSA TPS [VU1 iter82]: 500 - Blockchain execution failed: Nonce too low. Expected nonce to be 615 but got 614. Note that transactions can't be queued when automining." source=console
time="2026-03-16T11:52:55+07:00" level=error msg="ECDSA TPS [VU5 iter82]: 500 - Blockchain execution failed: Nonce too low. Expected nonce to be 616 but got 615. Note that transactions can't be queued when automining." source=console
time="2026-03-16T11:52:55+07:00" level=error msg="ECDSA TPS [VU4 iter83]: 500 - Blockchain execution failed: Nonce too low. Expected nonce to be 617 but got 616. Note that transactions can't be queued when automining." source=console
time="2026-03-16T11:52:55+07:00" level=error msg="ECDSA TPS [VU8 iter83]: 500 - Blockchain execution failed: Nonce too low. Expected nonce to be 618 but got 617. Note that transactions can't be queued when automining." source=console
time="2026-03-16T11:52:55+07:00" level=error msg="ECDSA TPS [VU1 iter83]: 500 - Blockchain execution failed: Nonce too low. Expected nonce to be 619 but got 618. Note that transactions can't be queued when automining." source=console
time="2026-03-16T11:52:55+07:00" level=error msg="ECDSA TPS [VU0 iter85]: 500 - Blockchain execution failed: Nonce too low. Expected nonce to be 619 but got 618. Note that transactions can't be queued when automining." source=console
time="2026-03-16T11:52:55+07:00" level=error msg="ECDSA TPS [VU6 iter84]: 500 - Blockchain execution failed: Nonce too low. Expected nonce to be 620 but got 619. Note that transactions can't be queued when automining." source=console
time="2026-03-16T11:52:55+07:00" level=error msg="ECDSA TPS [VU4 iter84]: 500 - Blockchain execution failed: Nonce too low. Expected nonce to be 620 but got 619. Note that transactions can't be queued when automining." source=console
time="2026-03-16T11:52:55+07:00" level=error msg="ECDSA TPS [VU3 iter84]: 500 - Blockchain execution failed: Nonce too low. Expected nonce to be 622 but got 621. Note that transactions can't be queued when automining." source=console
time="2026-03-16T11:52:55+07:00" level=error msg="ECDSA TPS [VU1 iter84]: 500 - Blockchain execution failed: Nonce too low. Expected nonce to be 622 but got 621. Note that transactions can't be queued when automining." source=console
time="2026-03-16T11:52:55+07:00" level=error msg="ECDSA TPS [VU0 iter86]: 500 - Blockchain execution failed: Nonce too low. Expected nonce to be 622 but got 621. Note that transactions can't be queued when automining." source=console
time="2026-03-16T11:52:55+07:00" level=error msg="ECDSA TPS [VU6 iter85]: 500 - Blockchain execution failed: Nonce too low. Expected nonce to be 623 but got 622. Note that transactions can't be queued when automining." source=console
time="2026-03-16T11:52:55+07:00" level=error msg="ECDSA TPS [VU4 iter85]: 500 - Blockchain execution failed: Nonce too low. Expected nonce to be 624 but got 623. Note that transactions can't be queued when automining." source=console
time="2026-03-16T11:52:55+07:00" level=error msg="ECDSA TPS [VU3 iter85]: 500 - Blockchain execution failed: Nonce too low. Expected nonce to be 626 but got 625. Note that transactions can't be queued when automining." source=console
time="2026-03-16T11:52:55+07:00" level=error msg="ECDSA TPS [VU8 iter85]: 500 - Blockchain execution failed: Nonce too low. Expected nonce to be 626 but got 625. Note that transactions can't be queued when automining." source=console
time="2026-03-16T11:52:55+07:00" level=error msg="ECDSA TPS [VU0 iter87]: 500 - Blockchain execution failed: Nonce too low. Expected nonce to be 626 but got 625. Note that transactions can't be queued when automining." source=console
time="2026-03-16T11:52:55+07:00" level=error msg="ECDSA TPS [VU6 iter86]: 500 - Blockchain execution failed: Nonce too low. Expected nonce to be 627 but got 626. Note that transactions can't be queued when automining." source=console
time="2026-03-16T11:52:55+07:00" level=error msg="ECDSA TPS [VU4 iter86]: 500 - Blockchain execution failed: Nonce too low. Expected nonce to be 627 but got 626. Note that transactions can't be queued when automining." source=console
time="2026-03-16T11:52:56+07:00" level=error msg="ECDSA TPS [VU0 iter88]: 500 - Blockchain execution failed: Internal error" source=console
time="2026-03-16T11:52:56+07:00" level=error msg="ECDSA TPS [VU8 iter86]: 500 - Blockchain execution failed: Nonce too low. Expected nonce to be 630 but got 629. Note that transactions can't be queued when automining." source=console
time="2026-03-16T11:52:56+07:00" level=error msg="ECDSA TPS [VU1 iter86]: 500 - Blockchain execution failed: Nonce too low. Expected nonce to be 630 but got 629. Note that transactions can't be queued when automining." source=console
time="2026-03-16T11:52:56+07:00" level=error msg="ECDSA TPS [VU4 iter87]: 500 - Blockchain execution failed: Nonce too low. Expected nonce to be 631 but got 630. Note that transactions can't be queued when automining." source=console
time="2026-03-16T11:52:56+07:00" level=error msg="ECDSA TPS [VU0 iter90]: 500 - Blockchain execution failed: Nonce too low. Expected nonce to be 631 but got 630. Note that transactions can't be queued when automining." source=console
time="2026-03-16T11:52:56+07:00" level=error msg="ECDSA TPS [VU0 iter89]: 500 - Blockchain execution failed: Nonce too low. Expected nonce to be 632 but got 631. Note that transactions can't be queued when automining." source=console
time="2026-03-16T11:52:56+07:00" level=error msg="ECDSA TPS [VU8 iter87]: 500 - Blockchain execution failed: Nonce too low. Expected nonce to be 633 but got 632. Note that transactions can't be queued when automining." source=console

running (0h00m18.0s), 09/30 VUs, 895 complete and 0 interrupted iterations
ecdsa_throughput    [  89% ] 10 VUs   00m17.9s/30m0s  0895/1010 iters, 101 per VU
mldsa_throughput  • [   0% ] waiting  14m42.1s       
hybrid_throughput • [   0% ] waiting  29m42.1s       
time="2026-03-16T11:52:56+07:00" level=error msg="ECDSA TPS [VU3 iter87]: 500 - Blockchain execution failed: Nonce too low. Expected nonce to be 634 but got 633. Note that transactions can't be queued when automining." source=console
time="2026-03-16T11:52:56+07:00" level=error msg="ECDSA TPS [VU4 iter88]: 500 - Blockchain execution failed: Nonce too low. Expected nonce to be 635 but got 634. Note that transactions can't be queued when automining." source=console
time="2026-03-16T11:52:56+07:00" level=error msg="ECDSA TPS [VU6 iter88]: 500 - Blockchain execution failed: Nonce too low. Expected nonce to be 635 but got 634. Note that transactions can't be queued when automining." source=console
time="2026-03-16T11:52:56+07:00" level=error msg="ECDSA TPS [VU0 iter90]: 500 - Blockchain execution failed: Internal error" source=console
time="2026-03-16T11:52:56+07:00" level=error msg="ECDSA TPS [VU8 iter88]: 500 - Blockchain execution failed: Nonce too low. Expected nonce to be 637 but got 636. Note that transactions can't be queued when automining." source=console
time="2026-03-16T11:52:56+07:00" level=error msg="ECDSA TPS [VU3 iter88]: 500 - Blockchain execution failed: Nonce too low. Expected nonce to be 637 but got 636. Note that transactions can't be queued when automining." source=console
time="2026-03-16T11:52:56+07:00" level=error msg="ECDSA TPS [VU4 iter89]: 500 - Blockchain execution failed: Nonce too low. Expected nonce to be 639 but got 638. Note that transactions can't be queued when automining." source=console
time="2026-03-16T11:52:56+07:00" level=error msg="ECDSA TPS [VU0 iter91]: 500 - Blockchain execution failed: Nonce too low. Expected nonce to be 639 but got 638. Note that transactions can't be queued when automining." source=console
time="2026-03-16T11:52:56+07:00" level=error msg="ECDSA TPS [VU0 iter92]: 500 - Blockchain execution failed: Nonce too low. Expected nonce to be 639 but got 638. Note that transactions can't be queued when automining." source=console
time="2026-03-16T11:52:56+07:00" level=error msg="ECDSA TPS [VU2 iter89]: 500 - Blockchain execution failed: Nonce too low. Expected nonce to be 641 but got 640. Note that transactions can't be queued when automining." source=console
time="2026-03-16T11:52:56+07:00" level=error msg="ECDSA TPS [VU3 iter89]: 500 - Blockchain execution failed: Nonce too low. Expected nonce to be 641 but got 640. Note that transactions can't be queued when automining." source=console
time="2026-03-16T11:52:56+07:00" level=error msg="ECDSA TPS [VU0 iter92]: 500 - Blockchain execution failed: Nonce too low. Expected nonce to be 642 but got 641. Note that transactions can't be queued when automining." source=console
time="2026-03-16T11:52:56+07:00" level=error msg="ECDSA TPS [VU4 iter90]: 500 - Blockchain execution failed: Nonce too low. Expected nonce to be 642 but got 641. Note that transactions can't be queued when automining." source=console
time="2026-03-16T11:52:56+07:00" level=error msg="ECDSA TPS [VU6 iter90]: 500 - Blockchain execution failed: Nonce too low. Expected nonce to be 643 but got 642. Note that transactions can't be queued when automining." source=console
time="2026-03-16T11:52:56+07:00" level=error msg="ECDSA TPS [VU2 iter90]: 500 - Blockchain execution failed: Nonce too low. Expected nonce to be 644 but got 643. Note that transactions can't be queued when automining." source=console
time="2026-03-16T11:52:56+07:00" level=error msg="ECDSA TPS [VU3 iter90]: 500 - Blockchain execution failed: Nonce too low. Expected nonce to be 644 but got 643. Note that transactions can't be queued when automining." source=console
time="2026-03-16T11:52:56+07:00" level=error msg="ECDSA TPS [VU4 iter91]: 500 - Blockchain execution failed: Nonce too low. Expected nonce to be 646 but got 645. Note that transactions can't be queued when automining." source=console
time="2026-03-16T11:52:56+07:00" level=error msg="ECDSA TPS [VU1 iter90]: 500 - Blockchain execution failed: Nonce too low. Expected nonce to be 646 but got 645. Note that transactions can't be queued when automining." source=console
time="2026-03-16T11:52:56+07:00" level=error msg="ECDSA TPS [VU0 iter94]: 500 - Blockchain execution failed: Nonce too low. Expected nonce to be 647 but got 646. Note that transactions can't be queued when automining." source=console
time="2026-03-16T11:52:56+07:00" level=error msg="ECDSA TPS [VU3 iter91]: 500 - Blockchain execution failed: Nonce too low. Expected nonce to be 648 but got 647. Note that transactions can't be queued when automining." source=console
time="2026-03-16T11:52:56+07:00" level=error msg="ECDSA TPS [VU5 iter90]: 500 - Blockchain execution failed: Nonce too low. Expected nonce to be 648 but got 647. Note that transactions can't be queued when automining." source=console
time="2026-03-16T11:52:56+07:00" level=error msg="ECDSA TPS [VU4 iter92]: 500 - Blockchain execution failed: Nonce too low. Expected nonce to be 649 but got 648. Note that transactions can't be queued when automining." source=console
time="2026-03-16T11:52:56+07:00" level=error msg="ECDSA TPS [VU1 iter91]: 500 - Blockchain execution failed: Nonce too low. Expected nonce to be 649 but got 648. Note that transactions can't be queued when automining." source=console
time="2026-03-16T11:52:56+07:00" level=error msg="ECDSA TPS [VU0 iter95]: 500 - Blockchain execution failed: Nonce too low. Expected nonce to be 650 but got 649. Note that transactions can't be queued when automining." source=console
time="2026-03-16T11:52:57+07:00" level=error msg="ECDSA TPS [VU5 iter91]: 500 - Blockchain execution failed: Nonce too low. Expected nonce to be 652 but got 651. Note that transactions can't be queued when automining." source=console
time="2026-03-16T11:52:57+07:00" level=error msg="ECDSA TPS [VU2 iter92]: 500 - Blockchain execution failed: Nonce too low. Expected nonce to be 652 but got 651. Note that transactions can't be queued when automining." source=console
time="2026-03-16T11:52:57+07:00" level=error msg="ECDSA TPS [VU1 iter92]: 500 - Blockchain execution failed: Nonce too low. Expected nonce to be 653 but got 652. Note that transactions can't be queued when automining." source=console
time="2026-03-16T11:52:57+07:00" level=error msg="ECDSA TPS [VU8 iter92]: 500 - Blockchain execution failed: Nonce too low. Expected nonce to be 653 but got 652. Note that transactions can't be queued when automining." source=console
time="2026-03-16T11:52:57+07:00" level=error msg="ECDSA TPS [VU0 iter95]: 500 - Blockchain execution failed: Nonce too low. Expected nonce to be 654 but got 653. Note that transactions can't be queued when automining." source=console
time="2026-03-16T11:52:57+07:00" level=error msg="ECDSA TPS [VU2 iter93]: 500 - Blockchain execution failed: Nonce too low. Expected nonce to be 657 but got 656. Note that transactions can't be queued when automining." source=console

running (0h00m19.0s), 09/30 VUs, 948 complete and 0 interrupted iterations
ecdsa_throughput    [  94% ] 10 VUs   00m18.9s/30m0s  0948/1010 iters, 101 per VU
mldsa_throughput  • [   0% ] waiting  14m41.1s       
hybrid_throughput • [   0% ] waiting  29m41.1s       
time="2026-03-16T11:52:57+07:00" level=error msg="ECDSA TPS [VU1 iter93]: 500 - Blockchain execution failed: Nonce too low. Expected nonce to be 658 but got 657. Note that transactions can't be queued when automining." source=console
time="2026-03-16T11:52:57+07:00" level=error msg="ECDSA TPS [VU4 iter94]: 500 - Blockchain execution failed: Nonce too low. Expected nonce to be 658 but got 657. Note that transactions can't be queued when automining." source=console
time="2026-03-16T11:52:57+07:00" level=error msg="ECDSA TPS [VU0 iter97]: 500 - Blockchain execution failed: Nonce too low. Expected nonce to be 659 but got 658. Note that transactions can't be queued when automining." source=console
time="2026-03-16T11:52:57+07:00" level=error msg="ECDSA TPS [VU2 iter94]: 500 - Blockchain execution failed: Nonce too low. Expected nonce to be 661 but got 660. Note that transactions can't be queued when automining." source=console
time="2026-03-16T11:52:57+07:00" level=error msg="ECDSA TPS [VU3 iter94]: 500 - Blockchain execution failed: Nonce too low. Expected nonce to be 661 but got 660. Note that transactions can't be queued when automining." source=console
time="2026-03-16T11:52:57+07:00" level=error msg="ECDSA TPS [VU4 iter95]: 500 - Blockchain execution failed: Nonce too low. Expected nonce to be 662 but got 661. Note that transactions can't be queued when automining." source=console
time="2026-03-16T11:52:57+07:00" level=error msg="ECDSA TPS [VU8 iter94]: 500 - Blockchain execution failed: Nonce too low. Expected nonce to be 662 but got 661. Note that transactions can't be queued when automining." source=console
time="2026-03-16T11:52:57+07:00" level=error msg="ECDSA TPS [VU0 iter97]: 500 - Blockchain execution failed: Nonce too low. Expected nonce to be 663 but got 662. Note that transactions can't be queued when automining." source=console
time="2026-03-16T11:52:57+07:00" level=error msg="ECDSA TPS [VU2 iter95]: 500 - Blockchain execution failed: Nonce too low. Expected nonce to be 664 but got 663. Note that transactions can't be queued when automining." source=console
time="2026-03-16T11:52:57+07:00" level=error msg="ECDSA TPS [VU3 iter95]: 500 - Blockchain execution failed: Nonce too low. Expected nonce to be 665 but got 664. Note that transactions can't be queued when automining." source=console
time="2026-03-16T11:52:57+07:00" level=error msg="ECDSA TPS [VU8 iter95]: 500 - Blockchain execution failed: Nonce too low. Expected nonce to be 666 but got 665. Note that transactions can't be queued when automining." source=console
time="2026-03-16T11:52:57+07:00" level=error msg="ECDSA TPS [VU4 iter96]: 500 - Blockchain execution failed: Nonce too low. Expected nonce to be 666 but got 665. Note that transactions can't be queued when automining." source=console
time="2026-03-16T11:52:57+07:00" level=error msg="ECDSA TPS [VU0 iter99]: 500 - Blockchain execution failed: Nonce too low. Expected nonce to be 667 but got 666. Note that transactions can't be queued when automining." source=console
time="2026-03-16T11:52:57+07:00" level=error msg="ECDSA TPS [VU5 iter95]: 500 - Blockchain execution failed: Nonce too low. Expected nonce to be 670 but got 669. Note that transactions can't be queued when automining." source=console
time="2026-03-16T11:52:57+07:00" level=error msg="ECDSA TPS [VU8 iter96]: 500 - Blockchain execution failed: Nonce too low. Expected nonce to be 670 but got 669. Note that transactions can't be queued when automining." source=console
time="2026-03-16T11:52:57+07:00" level=error msg="ECDSA TPS [VU1 iter96]: 500 - Blockchain execution failed: Nonce too low. Expected nonce to be 670 but got 669. Note that transactions can't be queued when automining." source=console
time="2026-03-16T11:52:57+07:00" level=error msg="ECDSA TPS [VU0 iter100]: 500 - Blockchain execution failed: Nonce too low. Expected nonce to be 671 but got 670. Note that transactions can't be queued when automining." source=console
time="2026-03-16T11:52:57+07:00" level=error msg="ECDSA TPS [VU6 iter97]: 500 - Blockchain execution failed: Nonce too low. Expected nonce to be 673 but got 672. Note that transactions can't be queued when automining." source=console
time="2026-03-16T11:52:57+07:00" level=error msg="ECDSA TPS [VU8 iter97]: 500 - Blockchain execution failed: Nonce too low. Expected nonce to be 674 but got 673. Note that transactions can't be queued when automining." source=console
time="2026-03-16T11:52:57+07:00" level=error msg="ECDSA TPS [VU1 iter97]: 500 - Blockchain execution failed: Nonce too low. Expected nonce to be 674 but got 673. Note that transactions can't be queued when automining." source=console
time="2026-03-16T11:52:57+07:00" level=error msg="ECDSA TPS [VU3 iter97]: 500 - Blockchain execution failed: Nonce too low. Expected nonce to be 674 but got 673. Note that transactions can't be queued when automining." source=console
time="2026-03-16T11:52:58+07:00" level=error msg="ECDSA TPS [VU2 iter98]: 500 - Blockchain execution failed: Nonce too low. Expected nonce to be 677 but got 676. Note that transactions can't be queued when automining." source=console
time="2026-03-16T11:52:58+07:00" level=error msg="ECDSA TPS [VU1 iter98]: 500 - Blockchain execution failed: Nonce too low. Expected nonce to be 678 but got 677. Note that transactions can't be queued when automining." source=console
time="2026-03-16T11:52:58+07:00" level=error msg="ECDSA TPS [VU3 iter98]: 500 - Blockchain execution failed: Nonce too low. Expected nonce to be 678 but got 677. Note that transactions can't be queued when automining." source=console
time="2026-03-16T11:52:58+07:00" level=error msg="ECDSA TPS [VU6 iter99]: 500 - Blockchain execution failed: Nonce too low. Expected nonce to be 681 but got 680. Note that transactions can't be queued when automining." source=console
time="2026-03-16T11:52:58+07:00" level=error msg="ECDSA TPS [VU3 iter99]: 500 - Blockchain execution failed: Nonce too low. Expected nonce to be 682 but got 681. Note that transactions can't be queued when automining." source=console
time="2026-03-16T11:52:58+07:00" level=error msg="ECDSA TPS [VU8 iter99]: 500 - Blockchain execution failed: Nonce too low. Expected nonce to be 682 but got 681. Note that transactions can't be queued when automining." source=console

running (0h00m20.0s), 07/30 VUs, 1001 complete and 0 interrupted iterations
ecdsa_throughput    [  99% ] 10 VUs   00m19.9s/30m0s  1001/1010 iters, 101 per VU
mldsa_throughput  • [   0% ] waiting  14m40.1s       
hybrid_throughput • [   0% ] waiting  29m40.1s       
time="2026-03-16T11:52:58+07:00" level=error msg="ECDSA TPS [VU2 iter100]: 500 - Blockchain execution failed: Nonce too low. Expected nonce to be 685 but got 684. Note that transactions can't be queued when automining." source=console
time="2026-03-16T11:52:58+07:00" level=error msg="ECDSA TPS [VU8 iter100]: 500 - Blockchain execution failed: Nonce too low. Expected nonce to be 685 but got 684. Note that transactions can't be queued when automining." source=console
time="2026-03-16T11:52:58+07:00" level=error msg="ECDSA TPS [VU3 iter100]: 500 - Blockchain execution failed: Nonce too low. Expected nonce to be 685 but got 684. Note that transactions can't be queued when automining." source=console

running (0h00m21.0s), 00/30 VUs, 1010 complete and 0 interrupted iterations
ecdsa_throughput  ✓ [ 100% ] 10 VUs   00m20.1s/30m0s  1010/1010 iters, 101 per VU
mldsa_throughput  • [   0% ] waiting  14m39.1s       
hybrid_throughput • [   0% ] waiting  29m39.1s       

running (0h00m22.0s), 00/30 VUs, 1010 complete and 0 interrupted iterations
ecdsa_throughput  ✓ [ 100% ] 10 VUs   00m20.1s/30m0s  1010/1010 iters, 101 per VU
mldsa_throughput  • [   0% ] waiting  14m38.1s       
hybrid_throughput • [   0% ] waiting  29m38.1s       

running (0h00m23.0s), 00/30 VUs, 1010 complete and 0 interrupted iterations
ecdsa_throughput  ✓ [ 100% ] 10 VUs   00m20.1s/30m0s  1010/1010 iters, 101 per VU
mldsa_throughput  • [   0% ] waiting  14m37.1s       
hybrid_throughput • [   0% ] waiting  29m37.1s       

running (0h00m24.0s), 00/30 VUs, 1010 complete and 0 interrupted iterations
ecdsa_throughput  ✓ [ 100% ] 10 VUs   00m20.1s/30m0s  1010/1010 iters, 101 per VU
mldsa_throughput  • [   0% ] waiting  14m36.1s       
hybrid_throughput • [   0% ] waiting  29m36.1s       

running (0h00m25.0s), 00/30 VUs, 1010 complete and 0 interrupted iterations
ecdsa_throughput  ✓ [ 100% ] 10 VUs   00m20.1s/30m0s  1010/1010 iters, 101 per VU
mldsa_throughput  • [   0% ] waiting  14m35.1s       
hybrid_throughput • [   0% ] waiting  29m35.1s       

running (0h00m26.0s), 00/30 VUs, 1010 complete and 0 interrupted iterations
ecdsa_throughput  ✓ [ 100% ] 10 VUs   00m20.1s/30m0s  1010/1010 iters, 101 per VU
mldsa_throughput  • [   0% ] waiting  14m34.1s       
hybrid_throughput • [   0% ] waiting  29m34.1s       

running (0h00m27.0s), 00/30 VUs, 1010 complete and 0 interrupted iterations
ecdsa_throughput  ✓ [ 100% ] 10 VUs   00m20.1s/30m0s  1010/1010 iters, 101 per VU
mldsa_throughput  • [   0% ] waiting  14m33.1s       
hybrid_throughput • [   0% ] waiting  29m33.1s       

running (0h00m28.0s), 00/30 VUs, 1010 complete and 0 interrupted iterations
ecdsa_throughput  ✓ [ 100% ] 10 VUs   00m20.1s/30m0s  1010/1010 iters, 101 per VU
mldsa_throughput  • [   0% ] waiting  14m32.1s       
hybrid_throughput • [   0% ] waiting  29m32.1s       

running (0h00m29.0s), 00/30 VUs, 1010 complete and 0 interrupted iterations
ecdsa_throughput  ✓ [ 100% ] 10 VUs   00m20.1s/30m0s  1010/1010 iters, 101 per VU
mldsa_throughput  • [   0% ] waiting  14m31.1s       
hybrid_throughput • [   0% ] waiting  29m31.1s       

running (0h00m30.0s), 00/30 VUs, 1010 complete and 0 interrupted iterations
ecdsa_throughput  ✓ [ 100% ] 10 VUs   00m20.1s/30m0s  1010/1010 iters, 101 per VU
mldsa_throughput  • [   0% ] waiting  14m30.1s       
hybrid_throughput • [   0% ] waiting  29m30.1s       

running (0h00m31.0s), 00/30 VUs, 1010 complete and 0 interrupted iterations
ecdsa_throughput  ✓ [ 100% ] 10 VUs   00m20.1s/30m0s  1010/1010 iters, 101 per VU
mldsa_throughput  • [   0% ] waiting  14m29.1s       
hybrid_throughput • [   0% ] waiting  29m29.1s       

running (0h00m32.0s), 00/30 VUs, 1010 complete and 0 interrupted iterations
ecdsa_throughput  ✓ [ 100% ] 10 VUs   00m20.1s/30m0s  1010/1010 iters, 101 per VU
mldsa_throughput  • [   0% ] waiting  14m28.1s       
hybrid_throughput • [   0% ] waiting  29m28.1s       

running (0h00m33.0s), 00/30 VUs, 1010 complete and 0 interrupted iterations
ecdsa_throughput  ✓ [ 100% ] 10 VUs   00m20.1s/30m0s  1010/1010 iters, 101 per VU
mldsa_throughput  • [   0% ] waiting  14m27.1s       
hybrid_throughput • [   0% ] waiting  29m27.1s       

running (0h00m34.0s), 00/30 VUs, 1010 complete and 0 interrupted iterations
ecdsa_throughput  ✓ [ 100% ] 10 VUs   00m20.1s/30m0s  1010/1010 iters, 101 per VU
mldsa_throughput  • [   0% ] waiting  14m26.1s       
hybrid_throughput • [   0% ] waiting  29m26.1s       

running (0h00m35.0s), 00/30 VUs, 1010 complete and 0 interrupted iterations
ecdsa_throughput  ✓ [ 100% ] 10 VUs   00m20.1s/30m0s  1010/1010 iters, 101 per VU
mldsa_throughput  • [   0% ] waiting  14m25.1s       
hybrid_throughput • [   0% ] waiting  29m25.1s       

running (0h00m36.0s), 00/30 VUs, 1010 complete and 0 interrupted iterations
ecdsa_throughput  ✓ [ 100% ] 10 VUs   00m20.1s/30m0s  1010/1010 iters, 101 per VU
mldsa_throughput  • [   0% ] waiting  14m24.1s       
hybrid_throughput • [   0% ] waiting  29m24.1s       

running (0h00m37.0s), 00/30 VUs, 1010 complete and 0 interrupted iterations
ecdsa_throughput  ✓ [ 100% ] 10 VUs   00m20.1s/30m0s  1010/1010 iters, 101 per VU
mldsa_throughput  • [   0% ] waiting  14m23.1s       
hybrid_throughput • [   0% ] waiting  29m23.1s       

running (0h00m38.0s), 00/30 VUs, 1010 complete and 0 interrupted iterations
ecdsa_throughput  ✓ [ 100% ] 10 VUs   00m20.1s/30m0s  1010/1010 iters, 101 per VU
mldsa_throughput  • [   0% ] waiting  14m22.1s       
hybrid_throughput • [   0% ] waiting  29m22.1s       

running (0h00m39.0s), 00/30 VUs, 1010 complete and 0 interrupted iterations
ecdsa_throughput  ✓ [ 100% ] 10 VUs   00m20.1s/30m0s  1010/1010 iters, 101 per VU
mldsa_throughput  • [   0% ] waiting  14m21.1s       
hybrid_throughput • [   0% ] waiting  29m21.1s       

running (0h00m40.0s), 00/30 VUs, 1010 complete and 0 interrupted iterations
ecdsa_throughput  ✓ [ 100% ] 10 VUs   00m20.1s/30m0s  1010/1010 iters, 101 per VU
mldsa_throughput  • [   0% ] waiting  14m20.1s       
hybrid_throughput • [   0% ] waiting  29m20.1s       

running (0h00m41.0s), 00/30 VUs, 1010 complete and 0 interrupted iterations
ecdsa_throughput  ✓ [ 100% ] 10 VUs   00m20.1s/30m0s  1010/1010 iters, 101 per VU
mldsa_throughput  • [   0% ] waiting  14m19.1s       
hybrid_throughput • [   0% ] waiting  29m19.1s       

running (0h00m42.0s), 00/30 VUs, 1010 complete and 0 interrupted iterations
ecdsa_throughput  ✓ [ 100% ] 10 VUs   00m20.1s/30m0s  1010/1010 iters, 101 per VU
mldsa_throughput  • [   0% ] waiting  14m18.1s       
hybrid_throughput • [   0% ] waiting  29m18.1s       

running (0h00m43.0s), 00/30 VUs, 1010 complete and 0 interrupted iterations
ecdsa_throughput  ✓ [ 100% ] 10 VUs   00m20.1s/30m0s  1010/1010 iters, 101 per VU
mldsa_throughput  • [   0% ] waiting  14m17.1s       
hybrid_throughput • [   0% ] waiting  29m17.1s       

running (0h00m44.0s), 00/30 VUs, 1010 complete and 0 interrupted iterations
ecdsa_throughput  ✓ [ 100% ] 10 VUs   00m20.1s/30m0s  1010/1010 iters, 101 per VU
mldsa_throughput  • [   0% ] waiting  14m16.1s       
hybrid_throughput • [   0% ] waiting  29m16.1s       

running (0h00m45.0s), 00/30 VUs, 1010 complete and 0 interrupted iterations
ecdsa_throughput  ✓ [ 100% ] 10 VUs   00m20.1s/30m0s  1010/1010 iters, 101 per VU
mldsa_throughput  • [   0% ] waiting  14m15.1s       
hybrid_throughput • [   0% ] waiting  29m15.1s       

running (0h00m46.0s), 00/30 VUs, 1010 complete and 0 interrupted iterations
ecdsa_throughput  ✓ [ 100% ] 10 VUs   00m20.1s/30m0s  1010/1010 iters, 101 per VU
mldsa_throughput  • [   0% ] waiting  14m14.1s       
hybrid_throughput • [   0% ] waiting  29m14.1s       

running (0h00m47.0s), 00/30 VUs, 1010 complete and 0 interrupted iterations
ecdsa_throughput  ✓ [ 100% ] 10 VUs   00m20.1s/30m0s  1010/1010 iters, 101 per VU
mldsa_throughput  • [   0% ] waiting  14m13.1s       
hybrid_throughput • [   0% ] waiting  29m13.1s       

running (0h00m48.0s), 00/30 VUs, 1010 complete and 0 interrupted iterations
ecdsa_throughput  ✓ [ 100% ] 10 VUs   00m20.1s/30m0s  1010/1010 iters, 101 per VU
mldsa_throughput  • [   0% ] waiting  14m12.1s       
hybrid_throughput • [   0% ] waiting  29m12.1s       

running (0h00m49.0s), 00/30 VUs, 1010 complete and 0 interrupted iterations
ecdsa_throughput  ✓ [ 100% ] 10 VUs   00m20.1s/30m0s  1010/1010 iters, 101 per VU
mldsa_throughput  • [   0% ] waiting  14m11.1s       
hybrid_throughput • [   0% ] waiting  29m11.1s       

running (0h00m50.0s), 00/30 VUs, 1010 complete and 0 interrupted iterations
ecdsa_throughput  ✓ [ 100% ] 10 VUs   00m20.1s/30m0s  1010/1010 iters, 101 per VU
mldsa_throughput  • [   0% ] waiting  14m10.1s       
hybrid_throughput • [   0% ] waiting  29m10.1s       

running (0h00m51.0s), 00/30 VUs, 1010 complete and 0 interrupted iterations
ecdsa_throughput  ✓ [ 100% ] 10 VUs   00m20.1s/30m0s  1010/1010 iters, 101 per VU
mldsa_throughput  • [   0% ] waiting  14m09.1s       
hybrid_throughput • [   0% ] waiting  29m09.1s       

running (0h00m52.0s), 00/30 VUs, 1010 complete and 0 interrupted iterations
ecdsa_throughput  ✓ [ 100% ] 10 VUs   00m20.1s/30m0s  1010/1010 iters, 101 per VU
mldsa_throughput  • [   0% ] waiting  14m08.1s       
hybrid_throughput • [   0% ] waiting  29m08.1s       

running (0h00m53.0s), 00/30 VUs, 1010 complete and 0 interrupted iterations
ecdsa_throughput  ✓ [ 100% ] 10 VUs   00m20.1s/30m0s  1010/1010 iters, 101 per VU
mldsa_throughput  • [   0% ] waiting  14m07.1s       
hybrid_throughput • [   0% ] waiting  29m07.1s       

running (0h00m54.0s), 00/30 VUs, 1010 complete and 0 interrupted iterations
ecdsa_throughput  ✓ [ 100% ] 10 VUs   00m20.1s/30m0s  1010/1010 iters, 101 per VU
mldsa_throughput  • [   0% ] waiting  14m06.1s       
hybrid_throughput • [   0% ] waiting  29m06.1s       

running (0h00m55.0s), 00/30 VUs, 1010 complete and 0 interrupted iterations
ecdsa_throughput  ✓ [ 100% ] 10 VUs   00m20.1s/30m0s  1010/1010 iters, 101 per VU
mldsa_throughput  • [   0% ] waiting  14m05.1s       
hybrid_throughput • [   0% ] waiting  29m05.1s       

running (0h00m56.0s), 00/30 VUs, 1010 complete and 0 interrupted iterations
ecdsa_throughput  ✓ [ 100% ] 10 VUs   00m20.1s/30m0s  1010/1010 iters, 101 per VU
mldsa_throughput  • [   0% ] waiting  14m04.1s       
hybrid_throughput • [   0% ] waiting  29m04.1s       

running (0h00m57.0s), 00/30 VUs, 1010 complete and 0 interrupted iterations
ecdsa_throughput  ✓ [ 100% ] 10 VUs   00m20.1s/30m0s  1010/1010 iters, 101 per VU
mldsa_throughput  • [   0% ] waiting  14m03.1s       
hybrid_throughput • [   0% ] waiting  29m03.1s       

running (0h00m58.0s), 00/30 VUs, 1010 complete and 0 interrupted iterations
ecdsa_throughput  ✓ [ 100% ] 10 VUs   00m20.1s/30m0s  1010/1010 iters, 101 per VU
mldsa_throughput  • [   0% ] waiting  14m02.1s       
hybrid_throughput • [   0% ] waiting  29m02.1s       

running (0h00m59.0s), 00/30 VUs, 1010 complete and 0 interrupted iterations
ecdsa_throughput  ✓ [ 100% ] 10 VUs   00m20.1s/30m0s  1010/1010 iters, 101 per VU
mldsa_throughput  • [   0% ] waiting  14m01.1s       
hybrid_throughput • [   0% ] waiting  29m01.1s       

running (0h01m00.0s), 00/30 VUs, 1010 complete and 0 interrupted iterations
ecdsa_throughput  ✓ [ 100% ] 10 VUs   00m20.1s/30m0s  1010/1010 iters, 101 per VU
mldsa_throughput  • [   0% ] waiting  14m00.1s       
hybrid_throughput • [   0% ] waiting  29m00.1s       

running (0h01m01.0s), 00/30 VUs, 1010 complete and 0 interrupted iterations
ecdsa_throughput  ✓ [ 100% ] 10 VUs   00m20.1s/30m0s  1010/1010 iters, 101 per VU
mldsa_throughput  • [   0% ] waiting  13m59.1s       
hybrid_throughput • [   0% ] waiting  28m59.1s       

running (0h01m02.0s), 00/30 VUs, 1010 complete and 0 interrupted iterations
ecdsa_throughput  ✓ [ 100% ] 10 VUs   00m20.1s/30m0s  1010/1010 iters, 101 per VU
mldsa_throughput  • [   0% ] waiting  13m58.1s       
hybrid_throughput • [   0% ] waiting  28m58.1s       

running (0h01m03.0s), 00/30 VUs, 1010 complete and 0 interrupted iterations
ecdsa_throughput  ✓ [ 100% ] 10 VUs   00m20.1s/30m0s  1010/1010 iters, 101 per VU
mldsa_throughput  • [   0% ] waiting  13m57.1s       
hybrid_throughput • [   0% ] waiting  28m57.1s       

running (0h01m04.0s), 00/30 VUs, 1010 complete and 0 interrupted iterations
ecdsa_throughput  ✓ [ 100% ] 10 VUs   00m20.1s/30m0s  1010/1010 iters, 101 per VU
mldsa_throughput  • [   0% ] waiting  13m56.1s       
hybrid_throughput • [   0% ] waiting  28m56.1s       

running (0h01m05.0s), 00/30 VUs, 1010 complete and 0 interrupted iterations
ecdsa_throughput  ✓ [ 100% ] 10 VUs   00m20.1s/30m0s  1010/1010 iters, 101 per VU
mldsa_throughput  • [   0% ] waiting  13m55.1s       
hybrid_throughput • [   0% ] waiting  28m55.1s       

running (0h01m06.0s), 00/30 VUs, 1010 complete and 0 interrupted iterations
ecdsa_throughput  ✓ [ 100% ] 10 VUs   00m20.1s/30m0s  1010/1010 iters, 101 per VU
mldsa_throughput  • [   0% ] waiting  13m54.1s       
hybrid_throughput • [   0% ] waiting  28m54.1s       

running (0h01m07.0s), 00/30 VUs, 1010 complete and 0 interrupted iterations
ecdsa_throughput  ✓ [ 100% ] 10 VUs   00m20.1s/30m0s  1010/1010 iters, 101 per VU
mldsa_throughput  • [   0% ] waiting  13m53.1s       
hybrid_throughput • [   0% ] waiting  28m53.1s       

running (0h01m08.0s), 00/30 VUs, 1010 complete and 0 interrupted iterations
ecdsa_throughput  ✓ [ 100% ] 10 VUs   00m20.1s/30m0s  1010/1010 iters, 101 per VU
mldsa_throughput  • [   0% ] waiting  13m52.1s       
hybrid_throughput • [   0% ] waiting  28m52.1s       

running (0h01m09.0s), 00/30 VUs, 1010 complete and 0 interrupted iterations
ecdsa_throughput  ✓ [ 100% ] 10 VUs   00m20.1s/30m0s  1010/1010 iters, 101 per VU
mldsa_throughput  • [   0% ] waiting  13m51.1s       
hybrid_throughput • [   0% ] waiting  28m51.1s       

running (0h01m10.0s), 00/30 VUs, 1010 complete and 0 interrupted iterations
ecdsa_throughput  ✓ [ 100% ] 10 VUs   00m20.1s/30m0s  1010/1010 iters, 101 per VU
mldsa_throughput  • [   0% ] waiting  13m50.1s       
hybrid_throughput • [   0% ] waiting  28m50.1s       

running (0h01m11.0s), 00/30 VUs, 1010 complete and 0 interrupted iterations
ecdsa_throughput  ✓ [ 100% ] 10 VUs   00m20.1s/30m0s  1010/1010 iters, 101 per VU
mldsa_throughput  • [   0% ] waiting  13m49.1s       
hybrid_throughput • [   0% ] waiting  28m49.1s       

running (0h01m12.0s), 00/30 VUs, 1010 complete and 0 interrupted iterations
ecdsa_throughput  ✓ [ 100% ] 10 VUs   00m20.1s/30m0s  1010/1010 iters, 101 per VU
mldsa_throughput  • [   0% ] waiting  13m48.1s       
hybrid_throughput • [   0% ] waiting  28m48.1s       

running (0h01m13.0s), 00/30 VUs, 1010 complete and 0 interrupted iterations
ecdsa_throughput  ✓ [ 100% ] 10 VUs   00m20.1s/30m0s  1010/1010 iters, 101 per VU
mldsa_throughput  • [   0% ] waiting  13m47.1s       
hybrid_throughput • [   0% ] waiting  28m47.1s       

running (0h01m14.0s), 00/30 VUs, 1010 complete and 0 interrupted iterations
ecdsa_throughput  ✓ [ 100% ] 10 VUs   00m20.1s/30m0s  1010/1010 iters, 101 per VU
mldsa_throughput  • [   0% ] waiting  13m46.1s       
hybrid_throughput • [   0% ] waiting  28m46.1s       

running (0h01m15.0s), 00/30 VUs, 1010 complete and 0 interrupted iterations
ecdsa_throughput  ✓ [ 100% ] 10 VUs   00m20.1s/30m0s  1010/1010 iters, 101 per VU
mldsa_throughput  • [   0% ] waiting  13m45.1s       
hybrid_throughput • [   0% ] waiting  28m45.1s       

running (0h01m16.0s), 00/30 VUs, 1010 complete and 0 interrupted iterations
ecdsa_throughput  ✓ [ 100% ] 10 VUs   00m20.1s/30m0s  1010/1010 iters, 101 per VU
mldsa_throughput  • [   0% ] waiting  13m44.1s       
hybrid_throughput • [   0% ] waiting  28m44.1s       

running (0h01m17.0s), 00/30 VUs, 1010 complete and 0 interrupted iterations
ecdsa_throughput  ✓ [ 100% ] 10 VUs   00m20.1s/30m0s  1010/1010 iters, 101 per VU
mldsa_throughput  • [   0% ] waiting  13m43.1s       
hybrid_throughput • [   0% ] waiting  28m43.1s       

running (0h01m18.0s), 00/30 VUs, 1010 complete and 0 interrupted iterations
ecdsa_throughput  ✓ [ 100% ] 10 VUs   00m20.1s/30m0s  1010/1010 iters, 101 per VU
mldsa_throughput  • [   0% ] waiting  13m42.1s       
hybrid_throughput • [   0% ] waiting  28m42.1s       

running (0h01m19.0s), 00/30 VUs, 1010 complete and 0 interrupted iterations
ecdsa_throughput  ✓ [ 100% ] 10 VUs   00m20.1s/30m0s  1010/1010 iters, 101 per VU
mldsa_throughput  • [   0% ] waiting  13m41.1s       
hybrid_throughput • [   0% ] waiting  28m41.1s       

running (0h01m20.0s), 00/30 VUs, 1010 complete and 0 interrupted iterations
ecdsa_throughput  ✓ [ 100% ] 10 VUs   00m20.1s/30m0s  1010/1010 iters, 101 per VU
mldsa_throughput  • [   0% ] waiting  13m40.1s       
hybrid_throughput • [   0% ] waiting  28m40.1s       

running (0h01m21.0s), 00/30 VUs, 1010 complete and 0 interrupted iterations
ecdsa_throughput  ✓ [ 100% ] 10 VUs   00m20.1s/30m0s  1010/1010 iters, 101 per VU
mldsa_throughput  • [   0% ] waiting  13m39.1s       
hybrid_throughput • [   0% ] waiting  28m39.1s       

running (0h01m22.0s), 00/30 VUs, 1010 complete and 0 interrupted iterations
ecdsa_throughput  ✓ [ 100% ] 10 VUs   00m20.1s/30m0s  1010/1010 iters, 101 per VU
mldsa_throughput  • [   0% ] waiting  13m38.1s       
hybrid_throughput • [   0% ] waiting  28m38.1s       

running (0h01m23.0s), 00/30 VUs, 1010 complete and 0 interrupted iterations
ecdsa_throughput  ✓ [ 100% ] 10 VUs   00m20.1s/30m0s  1010/1010 iters, 101 per VU
mldsa_throughput  • [   0% ] waiting  13m37.1s       
hybrid_throughput • [   0% ] waiting  28m37.1s       

running (0h01m24.0s), 00/30 VUs, 1010 complete and 0 interrupted iterations
ecdsa_throughput  ✓ [ 100% ] 10 VUs   00m20.1s/30m0s  1010/1010 iters, 101 per VU
mldsa_throughput  • [   0% ] waiting  13m36.1s       
hybrid_throughput • [   0% ] waiting  28m36.1s       

running (0h01m25.0s), 00/30 VUs, 1010 complete and 0 interrupted iterations
ecdsa_throughput  ✓ [ 100% ] 10 VUs   00m20.1s/30m0s  1010/1010 iters, 101 per VU
mldsa_throughput  • [   0% ] waiting  13m35.1s       
hybrid_throughput • [   0% ] waiting  28m35.1s       

running (0h01m26.0s), 00/30 VUs, 1010 complete and 0 interrupted iterations
ecdsa_throughput  ✓ [ 100% ] 10 VUs   00m20.1s/30m0s  1010/1010 iters, 101 per VU
mldsa_throughput  • [   0% ] waiting  13m34.1s       
hybrid_throughput • [   0% ] waiting  28m34.1s       

running (0h01m27.0s), 00/30 VUs, 1010 complete and 0 interrupted iterations
ecdsa_throughput  ✓ [ 100% ] 10 VUs   00m20.1s/30m0s  1010/1010 iters, 101 per VU
mldsa_throughput  • [   0% ] waiting  13m33.1s       
hybrid_throughput • [   0% ] waiting  28m33.1s       

running (0h01m28.0s), 00/30 VUs, 1010 complete and 0 interrupted iterations
ecdsa_throughput  ✓ [ 100% ] 10 VUs   00m20.1s/30m0s  1010/1010 iters, 101 per VU
mldsa_throughput  • [   0% ] waiting  13m32.1s       
hybrid_throughput • [   0% ] waiting  28m32.1s       

running (0h01m29.0s), 00/30 VUs, 1010 complete and 0 interrupted iterations
ecdsa_throughput  ✓ [ 100% ] 10 VUs   00m20.1s/30m0s  1010/1010 iters, 101 per VU
mldsa_throughput  • [   0% ] waiting  13m31.1s       
hybrid_throughput • [   0% ] waiting  28m31.1s       

running (0h01m30.0s), 00/30 VUs, 1010 complete and 0 interrupted iterations
ecdsa_throughput  ✓ [ 100% ] 10 VUs   00m20.1s/30m0s  1010/1010 iters, 101 per VU
mldsa_throughput  • [   0% ] waiting  13m30.1s       
hybrid_throughput • [   0% ] waiting  28m30.1s       

running (0h01m31.0s), 00/30 VUs, 1010 complete and 0 interrupted iterations
ecdsa_throughput  ✓ [ 100% ] 10 VUs   00m20.1s/30m0s  1010/1010 iters, 101 per VU
mldsa_throughput  • [   0% ] waiting  13m29.1s       
hybrid_throughput • [   0% ] waiting  28m29.1s       

running (0h01m32.0s), 00/30 VUs, 1010 complete and 0 interrupted iterations
ecdsa_throughput  ✓ [ 100% ] 10 VUs   00m20.1s/30m0s  1010/1010 iters, 101 per VU
mldsa_throughput  • [   0% ] waiting  13m28.1s       
hybrid_throughput • [   0% ] waiting  28m28.1s       

running (0h01m33.0s), 00/30 VUs, 1010 complete and 0 interrupted iterations
ecdsa_throughput  ✓ [ 100% ] 10 VUs   00m20.1s/30m0s  1010/1010 iters, 101 per VU
mldsa_throughput  • [   0% ] waiting  13m27.1s       
hybrid_throughput • [   0% ] waiting  28m27.1s       

running (0h01m34.0s), 00/30 VUs, 1010 complete and 0 interrupted iterations
ecdsa_throughput  ✓ [ 100% ] 10 VUs   00m20.1s/30m0s  1010/1010 iters, 101 per VU
mldsa_throughput  • [   0% ] waiting  13m26.1s       
hybrid_throughput • [   0% ] waiting  28m26.1s       

running (0h01m35.0s), 00/30 VUs, 1010 complete and 0 interrupted iterations
ecdsa_throughput  ✓ [ 100% ] 10 VUs   00m20.1s/30m0s  1010/1010 iters, 101 per VU
mldsa_throughput  • [   0% ] waiting  13m25.1s       
hybrid_throughput • [   0% ] waiting  28m25.1s       

running (0h01m36.0s), 00/30 VUs, 1010 complete and 0 interrupted iterations
ecdsa_throughput  ✓ [ 100% ] 10 VUs   00m20.1s/30m0s  1010/1010 iters, 101 per VU
mldsa_throughput  • [   0% ] waiting  13m24.1s       
hybrid_throughput • [   0% ] waiting  28m24.1s       

running (0h01m37.0s), 00/30 VUs, 1010 complete and 0 interrupted iterations
ecdsa_throughput  ✓ [ 100% ] 10 VUs   00m20.1s/30m0s  1010/1010 iters, 101 per VU
mldsa_throughput  • [   0% ] waiting  13m23.1s       
hybrid_throughput • [   0% ] waiting  28m23.1s       

running (0h01m38.0s), 00/30 VUs, 1010 complete and 0 interrupted iterations
ecdsa_throughput  ✓ [ 100% ] 10 VUs   00m20.1s/30m0s  1010/1010 iters, 101 per VU
mldsa_throughput  • [   0% ] waiting  13m22.1s       
hybrid_throughput • [   0% ] waiting  28m22.1s       

running (0h01m39.0s), 00/30 VUs, 1010 complete and 0 interrupted iterations
ecdsa_throughput  ✓ [ 100% ] 10 VUs   00m20.1s/30m0s  1010/1010 iters, 101 per VU
mldsa_throughput  • [   0% ] waiting  13m21.1s       
hybrid_throughput • [   0% ] waiting  28m21.1s       

running (0h01m40.0s), 00/30 VUs, 1010 complete and 0 interrupted iterations
ecdsa_throughput  ✓ [ 100% ] 10 VUs   00m20.1s/30m0s  1010/1010 iters, 101 per VU
mldsa_throughput  • [   0% ] waiting  13m20.1s       
hybrid_throughput • [   0% ] waiting  28m20.1s       

running (0h01m41.0s), 00/30 VUs, 1010 complete and 0 interrupted iterations
ecdsa_throughput  ✓ [ 100% ] 10 VUs   00m20.1s/30m0s  1010/1010 iters, 101 per VU
mldsa_throughput  • [   0% ] waiting  13m19.1s       
hybrid_throughput • [   0% ] waiting  28m19.1s       

running (0h01m42.0s), 00/30 VUs, 1010 complete and 0 interrupted iterations
ecdsa_throughput  ✓ [ 100% ] 10 VUs   00m20.1s/30m0s  1010/1010 iters, 101 per VU
mldsa_throughput  • [   0% ] waiting  13m18.1s       
hybrid_throughput • [   0% ] waiting  28m18.1s       

running (0h01m43.0s), 00/30 VUs, 1010 complete and 0 interrupted iterations
ecdsa_throughput  ✓ [ 100% ] 10 VUs   00m20.1s/30m0s  1010/1010 iters, 101 per VU
mldsa_throughput  • [   0% ] waiting  13m17.1s       
hybrid_throughput • [   0% ] waiting  28m17.1s       

running (0h01m44.0s), 00/30 VUs, 1010 complete and 0 interrupted iterations
ecdsa_throughput  ✓ [ 100% ] 10 VUs   00m20.1s/30m0s  1010/1010 iters, 101 per VU
mldsa_throughput  • [   0% ] waiting  13m16.1s       
hybrid_throughput • [   0% ] waiting  28m16.1s       

running (0h01m45.0s), 00/30 VUs, 1010 complete and 0 interrupted iterations
ecdsa_throughput  ✓ [ 100% ] 10 VUs   00m20.1s/30m0s  1010/1010 iters, 101 per VU
mldsa_throughput  • [   0% ] waiting  13m15.1s       
hybrid_throughput • [   0% ] waiting  28m15.1s       

running (0h01m46.0s), 00/30 VUs, 1010 complete and 0 interrupted iterations
ecdsa_throughput  ✓ [ 100% ] 10 VUs   00m20.1s/30m0s  1010/1010 iters, 101 per VU
mldsa_throughput  • [   0% ] waiting  13m14.1s       
hybrid_throughput • [   0% ] waiting  28m14.1s       

running (0h01m47.0s), 00/30 VUs, 1010 complete and 0 interrupted iterations
ecdsa_throughput  ✓ [ 100% ] 10 VUs   00m20.1s/30m0s  1010/1010 iters, 101 per VU
mldsa_throughput  • [   0% ] waiting  13m13.1s       
hybrid_throughput • [   0% ] waiting  28m13.1s       

running (0h01m48.0s), 00/30 VUs, 1010 complete and 0 interrupted iterations
ecdsa_throughput  ✓ [ 100% ] 10 VUs   00m20.1s/30m0s  1010/1010 iters, 101 per VU
mldsa_throughput  • [   0% ] waiting  13m12.1s       
hybrid_throughput • [   0% ] waiting  28m12.1s       
